blog_link,title,date,topic,label,text_content,references,all_text_names,all_text_orgs,all_text_locations,all_text_misc
https://shechecks.net/%d9%85%d9%86%d9%88%d8%b9%d8%a7%d8%aa/1388/,هل خلعت  المؤثرة ضحى عريبي حجابها؟,"سبتمبر 10, 2024",محلي|منوعات,مفبرك,,"https://vm.tiktok.com/ZMhhhhu9s/
https://vm.tiktok.com/ZMrw3Sk35/
https://www.tiktok.com/@douhalaribiii?_t=8qClYrWkbUz&_r=1","ضحى عريبي
جيني شليطة","جوجل
TikTok
تيكتوك",,
https://shechecks.net/%d9%85%d9%86%d9%88%d8%b9%d8%a7%d8%aa/1380/,الإعلامية زينب تربح لم توقع عقد دعائي مع هيئة الأوقاف الليبية,"سبتمبر 1, 2024",محلي|منوعات,مضلل,,"https://www.facebook.com/ZainabTarbahOfficial?mibextid=ZbWKwL
https://www.facebook.com/share/p/EYJhZXfP8zJJZF3n/?mibextid=xfxF2i
https://m.facebook.com/story.php?story_fbid=pfbid0mGBcahMf23DHp6VNiqCFRvuYwewT2NVxXDerT7dXX8yyvMVuygM4DJjZPMg8SUKUl&id=100063604489617&mibextid=CDWPTG
https://www.instagram.com/p/C_DEBGLtK6U/?igsh=MXQ3M2J2eXR5YnNodg==
https://www.facebook.com/AlaBayadPlus?mibextid=ZbWKwL","زينب تربح
وزينب تربح
AlaBayadPlus
زينب","غرغار
هي
إيجاز",طرابلس,
https://shechecks.net/%d9%85%d9%86%d9%88%d8%b9%d8%a7%d8%aa/1372/,هل تزوج شاب ليبي من ابنة ملياردير تشادي؟؟,"أغسطس 17, 2024",محلي|منوعات,مضلل,,"https://m.facebook.com/story.php?story_fbid=122170143356188538&id=61555656147380&mibextid=CDWPTG
https://m.facebook.com/story.php?story_fbid=1029288535530338&id=100053476030902&mibextid=CDWPTG
https://www.instagram.com/reel/C-s7S1-BX3V/?igsh=MWl0b2kxaWthMzhybw==
https://www.instagram.com/jaafer_ben_fraj?igsh=dzBteG1xMWQybW9w
https://www.instagram.com/jaafer_ben_fraj?igsh=dzBteG1xMWQybW9w
https://www.instagram.com/samhin_rmili?igsh=MW4yNms2Y3R2Y2lkOQ==","جعفر
Jaafer ben fraj
samhin
jaafer","فيسبوك
instagram
هي تتحقق
انستغرام
هي","جربة
تونس
مرج
بريطانيا
القيروان
الإمارات",
https://shechecks.net/%d9%85%d9%86%d9%88%d8%b9%d8%a7%d8%aa/1366/,هل هذه الصورة الحقيقية للمؤثرة الليبية “يوسا” ؟,"أغسطس 14, 2024",محلي|منوعات,زائف,,"https://www.facebook.com/share/p/YnYosswscnQP7Dz4/?mibextid=xfxF2i
https://www.facebook.com/share/p/wREbPw7d1sDJpGSo/?mibextid=xfxF2i
https://www.facebook.com/share/DeamDpAH3FFJdKUW/?mibextid=qi2Omg","يوسا
بيوسا
هي","يوسا
هي تتحقق",,"attila
the"
https://shechecks.net/%d8%b1%d9%8a%d8%a7%d8%b6%d8%a9/1359/,هل تبدو أنجيلا كاريني في الحقيقة بملامح ذكورية؟,"أغسطس 7, 2024",رياضة,,,https://www.gettyimages.fi/detail/uutiskuva/angela-carini-of-italy-after-the-womens-66kg-preliminary-uutiskuva/2164158598,"أنجيلا كاريني
خليف
إيمان خليف
لإيمان خليف
ايمان
كاريني
كارينى",ديلي ميل,"uutiskuva
باريس",
https://shechecks.net/%d9%85%d8%ad%d9%84%d9%8a/1349/,الصحفية ريم البركي تتعرض لحملة باستخدام منشورات مفبركة,"أغسطس 6, 2024",محلي,مفبرك,,"https://www.facebook.com/profile.php?id=61561799265299&mibextid=ZbWKwL
https://www.facebook.com/share/p/kzx2rYpcwGihCne1/?mibextid=qi2Omg
https://www.facebook.com/share/p/Vzpy3Lb9DBF3NJEy/?mibextid=xfxF2i
https://www.facebook.com/Reemelbreki?mibextid=ZbWKwL
https://www.facebook.com/ElbrekiReem?mibextid=ZbWKwL","البركي
Reemelbreki
ريم البركي
وائل جسار
ElbrekiReem
للبركي","هي تتحقق
samsung
فيسبوك",بنغازي,
https://shechecks.net/politics/1333/,المعلومات المضللة تؤجج خطاب الكراهية تجاه اللاعبة الجزائرية إيمان خليف,"أغسطس 4, 2024",رياضة|سياسة,مضلل,,"https://x.com/RichardDawkins/status/1817980972681543885?t=BEhKkCHV2dQIM7pSQzL2CA&s=19
https://reduxx.info/breaking-two-female-boxers-set-to-compete-at-paris-2024-were-previously-disqualified-from-womens-world-championship-for-having-xy-chromosomes/?utm_source=substack&utm_medium=email
https://tass.ru/sport/17370249
https://www.iba.sport/wp-content/uploads/2023/05/BoD-meeting-minutes_New-Delhi_FV-approved.pdf
https://x.com/elonmusk/status/1817998488149299471?t=FKoqK21M_-QEFQFGSzs4XQ&s=19
https://stillmed.olympics.com/media/Documents/Athletes/Medical-Scientific/Consensus-Statements/2023_BJSM-Framework-commentary.pdf
https://youtu.be/D4HiUIX9o00?si=-sKmM6gKo4-9uiPK","جورجا ميلوني
رويدا العربي
أنجيلا كاريني
عمر كريمليف
إيلون ماسك
كريمليف
خليفة
هي
إيمان خليف
ريتشارد داوكنس
خليف
مارك آدامز
stillmed
RichardDawkins
الزعيليك
داوكنس
أحمد الزعيليك
إيمان","reduxx
بالرابطة الدولية للملاكمة
الرابطة الدولية للملاكمة
اللجنة
الديلي ميل
اللجنة الأولمبية
iba . sport
ThisIsMaleViolence
نورني
الاتحاد الدولي للملاكمة
اللجنة الأولمبية الدولية","الجزائر
نيودلهي
باريس
بالجزائر
إيطاليا
تيارت
بيبان مصباح
بالهند
الأغواط","IStandWithAngelaCarini
sexnotgender
بطولة العالم
التستوستيرون
بطولة العالم للملاكمة
بطولة العالم للسيدات
بطولة العالم للسيدات للملاكمة
علمتني الحياة"
https://shechecks.net/%d9%85%d9%86%d9%88%d8%b9%d8%a7%d8%aa/1327/,هل تظهر هذه الصور لحظة افتراس الطفل سالم السعيطي من قبل نمر؟,"أغسطس 2, 2024",محلي|منوعات,مضلل,,"https://m.facebook.com/story.php?story_fbid=pfbid029t7EFB3KnEFXM3bURPzHbYt25bDDxzif9fFmCq5TBVrzd54GcDbyahJgi3TvL1RWl&id=100077465914473&mibextid=CDWPTG
https://m.facebook.com/groups/1095620277838051/permalink/1662976074435799/?ref=share&mibextid=CDWPTG
https://www.facebook.com/reel/863373852514149
https://www.instagram.com/nouman.hassan1?igsh=d3RveTNpNWU2aHA1
https://www.facebook.com/share/p/j5HSSsfFAQY99iCC/?mibextid=qi2Omg","سالم منذ السعيطي
أسامة حماد
سالم
nouman
سالم منذر السعيطي
نعمان حسان","انستغرام
جوجل","اجدابيا
بليبيا",الله
https://shechecks.net/%d9%81%d9%86/1323/,هل وصلت هيفاء وهبي لمدينة بنغازي؟,"أغسطس 2, 2024",فن|محلي,مضلل,,"https://www.facebook.com/share/r/bt36W75FNddcpbJa/?mibextid=xfxF2i
https://www.facebook.com/share/r/n9h8Hf7ChUxtwEzZ/?mibextid=oKfgLb
https://www.instagram.com/reel/CyVuA2HNEFG/?igsh=MTVkbnF2cHhiYTBkdg==","هيفاء وهبي
لهيفاء وهبي",جوجل,"بنغازي
للرياض",
https://shechecks.net/politics/1315/,هل صرحت عائشة القذافي بأن كرسيها الذهبي هدية من عبدالسلام جلود؟,"يوليو 29, 2024",سياسة,مفبرك,,"https://www.facebook.com/share/p/vhTwMULT7a3YJEXg/?mibextid=xfxF2i
https://www.facebook.com/share/p/QcXgsu6mGppFF7Tk/?mibextid=xfxF2i
https://www.instagram.com/p/Cq_IRtesYT4/?igsh=MWF3dWxjc2ducmpsbQ==
https://ar.m.wikipedia.org/wiki/%D8%B9%D8%A8%D8%AF_%D8%A7%D9%84%D8%B3%D9%84%D8%A7%D9%85_%D8%AC%D9%84%D9%88%D8%AF","عائشة القذافي
القذافي
عبد السلام جلود
لعائشة القذافي
وعائشة القذافي
عائشة
معمر القذافي
لعائشة
عبدالسلام جلود","انستغرام
المرقب","ليبيا
لييبا",
https://shechecks.net/%d9%85%d9%86%d9%88%d8%b9%d8%a7%d8%aa/1310/,هل أعلنت “إليسا” حضورها مهرجان صيف بنغازي,"يوليو 28, 2024",فن|محلي|منوعات,مفبرك,,"https://www.facebook.com/profile.php?id=61561799265299&mibextid=ZbWKwL
https://x.com/elissakh?t=ikRFNzHACfzyvzBfuTeO2g&s=09
https://www.facebook.com/share/p/d9hdRE29tDyemCGu/?mibextid=xfxF2i
https://m.facebook.com/story.php?story_fbid=pfbid02x4UyUxSMAdu1KWTvLYiCuQDjLoy9AeQhwCRav4MjwwhGz9TV5E5GmTMKCJTfPqBWl&id=100086697882821&mibextid=CDWPTG
https://www.facebook.com/profile.php?id=61561799265299&mibextid=ZbWKwL",إليسا,فيسبوك,"ليبيا
بنغازي",
https://shechecks.net/%d9%85%d9%86%d9%88%d8%b9%d8%a7%d8%aa/1301/,هل هذه فيلا مهجورة في سواحل البيضاء؟,"يوليو 7, 2024",محلي|منوعات,مضلل,,"https://www.facebook.com/?locale=ar_AR
https://www.facebook.com/share/p/9WDdKFHVztA6PejY/?mibextid=oFDknk
https://www.facebook.com/share/p/QxMaRbrwPyqapYiP/?mibextid=oFDknk
https://lens.google/
https://shechecks.net/
https://maps.app.goo.gl/1QjyzqY8MYDxwzbs7",Santa,"فيسبوك
shechecks
Santa Mónica
Google
بهوتيل","أوروغواي
سانتا مونيكا
Mónica
ليبيا
مالدونادو
البيضاء",
https://shechecks.net/%d9%85%d9%86%d9%88%d8%b9%d8%a7%d8%aa/1287/,هل طالب الهنود في دبي بمقاعد في البرلمان ومجلس الوزراء؟,"يونيو 24, 2024",رياضة|منوعات,زائف,,"https://vm.tiktok.com/ZMr6hoNd4/
https://www.facebook.com/share/v/CTeKxhXu38DxafvQ/?mibextid=oFDknk",,,"الهند
باكستان
دبي
نيويورك
ناسو","الكريكت
لكأس العالم T20"
https://shechecks.net/%d9%81%d9%86/1283/,هل هذا الفيديو لتوم كروز وحديثه عن ولاد رزق3 حقيقي؟,"يونيو 22, 2024",فن,مفبرك,,"https://www.instagram.com/reel/C8R7hKvN14y/?igsh=MjY1amE5NnNhcXBo
https://www.facebook.com/share/v/B4aE9tbTMHwMDRCt/?mibextid=oFDknk
https://search.google/ways-to-search/lens/
https://youtu.be/MwP0KSuEFew?si=LfTnmGY0AGAxEnr2
https://10play.com.au/theproject","لتوم كروز
توم كروز
كروز",Google,روما,"المهمة المستحيلة
the project
ولاد رزق3"
https://shechecks.net/%d9%85%d9%86%d9%88%d8%b9%d8%a7%d8%aa/1273/,“جهاز آيفون عام 1980″؟,"يونيو 13, 2024",فن|منوعات,زائف,,"https://www.facebook.com/share/r/raJdcFeUVQqjqauz/?mibextid=0VwfS7
https://youtu.be/fAzDg8BCKsI?si=xljDwJs0JtqZElMt
https://youtu.be/0Evq1nJnSn8?si=4kjBQQmK2QWsU4_x
https://youtube.com/@film-est_tv?si=sJ_yDUziJQYeyAtM",كيوكو أونوغوتشي,,,"أيفون
آيفون"
https://shechecks.net/science/1265/,هل تم اكتشاف أخطبوط عملاق في أندونيسيا؟,"يونيو 5, 2024",علوم|فن|محلي|منوعات,زائف,,"https://m.facebook.com/story.php?story_fbid=pfbid0ETtmXM55NunxocRDzPB4PiM2EpwhcJs3RLyYgpH79CB4bNcZs1Ruenm742ix2ZJYl&id=100083938249179&mibextid=CDWPTG
https://m.facebook.com/story.php?story_fbid=pfbid0d5wgYCTSosnTKEgDnmFJJgZcfM8X1tcQeC8AFMaStFwc4HJdzSkb8Mm12xVNoZvjl&id=100083155465819&mibextid=CDWPTG
https://www.instagram.com/best_of_ai_?igsh=MTkzazYycWhhcDg4OQ==
https://www.instagram.com/reel/C7rqkAAoqaT/?igsh=Y3kwZTBvNHE5Mmpo",,"instagram
جوجل","بالي
إندونيسيا",
https://shechecks.net/%d9%85%d9%86%d9%88%d8%b9%d8%a7%d8%aa/1254/,هل قامت نيجيريا ببناء مجسم للكعبة لأداء مناسك الحج؟,"مايو 31, 2024",منوعات,زائف,,"https://www.instagram.com/explore/tags/%D8%A7%D9%84%D8%AD%D8%AC/
https://www.instagram.com/explore/tags/%D8%A7%D9%84%D8%B9%D9%85%D8%B1%D8%A9/
https://www.instagram.com/explore/tags/%D9%86%D9%8A%D8%AC%D9%8A%D8%B1%D8%A8%D8%A7/
https://www.instagram.com/explore/tags/%D9%85%D9%83%D8%A9/
https://www.instagram.com/reel/C7WvyZVNkag/?utm_source=ig_web_copy_link
https://x.com/mog_Russ/status/1794700868937457851
https://www.google.com/?olud
https://www.facebook.com/kanopilgrims?locale=ar_AR
https://www.facebook.com/watch/live/?ref=search&v=2064754237251414
https://www.facebook.com/watch/?v=571540256569826",,"فيسبوك
instagram
هي
kanopilgrims
google
Google","نيجيربا
نيجيريا
مكة
كانو",الكعبة
https://shechecks.net/%d9%85%d9%86%d9%88%d8%b9%d8%a7%d8%aa/1250/,هل تزوجت الفنانة الليبية خدوجة صبري مؤخرا؟,"مايو 28, 2024",فن|محلي|منوعات,مضلل,,"https://www.facebook.com/share/p/Yt8xEt83kY7nVimW/?mibextid=xfxF2i
https://www.facebook.com/share/p/vNNDxdaaCuTEJSzS/?mibextid=xfxF2i","وخدوجة صبري
خدوجة صبري",,دبي,حسن وكناينه
https://shechecks.net/%d9%85%d9%86%d9%88%d8%b9%d8%a7%d8%aa/1243/,هل أغنية الترند الهندي تتحدث عن السجود للزوجة؟,"مايو 27, 2024",فن|منوعات,زائف,,"https://m.facebook.com/story.php?story_fbid=pfbid0rcisaywoqb7XG5mc9j7GEmPVjNgvohdf49QfNATdG6epf8VmDqhXeuSXusgimv3vl&id=100085949866049&mibextid=CDWPTG
https://m.facebook.com/story.php?story_fbid=pfbid02PZNaef9MaQCVG37ikHRb5ytJrniXMtgQxWNFarTQjk1D1EvYTKp5Gy2TgnNAMQRLl&id=100044383095715&mibextid=CDWPTG
https://www.linkedin.com/in/jyoti-dwivedi-80b25375?utm_source=share&utm_campaign=share_via&utm_content=profile&utm_medium=android_app
https://www.indiatoday.in/
https://shechecks.net/
https://m.imdb.com/title/tt0249371/","whoosh Jaa jaa re
Main aap
jaa re pawan Go
Chhoo na sake koi mujhe
تشو ليه تو
aakaash hai koi prem kavi
Jaa jaa re jaa re jaa re
him Mere jaisa koi nahin aaya jag mein yug beeta
آكاش هاي كوي بريم كاوي
مين آب
Chhoo
apni
oh wind
whoosh
Aisa kahin koi nahin
San sanana nana
Mujhko dekhe jhuk ke gagan
كاهين كوي نهين
مين أوسكي ليكي كافيتا
Jaa jaa re ja
ميري جايسا كوي نهين
سهيلي
Mere jaisa dhoondke
then
Haan
jaa re jaa re
jaa re pawan
whoosh Jaa
آوون تو
شاروخان
main aap
jaa re pawa
ميري جايسا دهوندكه
Aisa ho
Jaa jaa
فوووش
أور نهين كوي
Aakaash hai koi prem kavi
ميرا
تشو نا سكي كوي
san sanana nan Whoosh
premika
go
Main uski likhi kavita
مين جاون تو
whoosh Jaa jaa re jaa re jaa re
جيسے
جا جا
Dwivedi
مين إيك اكيل
San sanana nan Whoosh
مين
هان
jaa re jaa re jaa re
Jyoti Dwivedi
آيا جاج مين يوغ
oh wind San sanana nana
Aur nahin koi
جا
تو شايد مين كار لون ميلان
him Oh","jyoti
هي
indiatoday","today
آيسا
باوان
سان سانانا نان فوووش
India
سان سانانا نان
آكاش
سان سانانا نانا
بريميكا","الله
بالترند
باوان
Asoka"
https://shechecks.net/%d9%85%d9%86%d9%88%d8%b9%d8%a7%d8%aa/1238/,هل فعلا يظهر النائب العام بجانب مؤثرة ليبية في هذه الصورة؟,"مايو 27, 2024",محلي|منوعات,مفبرك,,"https://www.facebook.com/share/p/quBeTo8ZQDvc8oFN/?mibextid=xfxF2i
https://www.facebook.com/share/p/2pQFpJD1aP4wQ8Yu/?mibextid=xfxF2i
https://www.facebook.com/share/p/CkrQgS5L1uXpBmVZ/?mibextid=qi2Omg","عزيزة عبدالسلام
الصديق الصور
راوية الحمروني
الحمروني",ليبيا الاحرار,,عيلتنا أقوى
https://shechecks.net/%d9%85%d9%86%d9%88%d8%b9%d8%a7%d8%aa/1232/,هل يُظهر هذا المشهد رجلاً انتقم من قاتل أخيه؟,"مايو 27, 2024",محلي|منوعات,مضلل,,"https://vm.tiktok.com/ZMMwNDe6N/
https://www.facebook.com/share/p/micWmVG1TpkoGkmy/?mibextid=xfxF2i","abdo _ aljadeed
أحمد بيترو
abdo","هي تتحقق
تيكتوك",ليبيا,
https://shechecks.net/%d9%85%d9%86%d9%88%d8%b9%d8%a7%d8%aa/1220/,هل هذا أداء لمايا دياب وميريام فارس؟,"مايو 25, 2024",فن|منوعات,زائف,,"https://www.instagram.com/reel/C5WgeFNtIni/?igsh=NXo2OWR2ZzE2cm5o
https://youtu.be/LfbVKDFoH1g?si=iUI1KhFQ0fvjiBlE
https://lens.google/
https://en.wikipedia.org/wiki/Burlesque
https://x.com/diet_chola/status/1728778456186446173","وميريام فارس
سالمة بشير الكوافي
هي
مايا دياب","يوتيوب
وانستغرام
جوجل","الفلبين
الرياض","بورلاسك
Burlesque"
https://shechecks.net/politics/1213/,هل هذا الطفل العالق في شرفة تحترق تم تصويره في الزاوية؟,"مايو 19, 2024",سياسة|محلي,مضلل,,"https://www.facebook.com/share/p/RVVVzq4GjwHrwwex/?mibextid=xfxF2i
https://www.facebook.com/share/p/cFVW3Xre1ogZdDFj/?mibextid=xfxF2i
https://www.dailymail.co.uk/news/article-13432727/firefighters-rescue-boy-balcony-flames-brazil.html?ns_mchannel=rss&ns_campaign=1490&ito=social-twitter_mailonline",,"ديلي ميل
dailymail
جوجل","أبوصرة
بالزاوية",
https://shechecks.net/environment/1205/,هل ثعلب الفنك مهدد بالانقراض؟,"مايو 17, 2024",بيئة|محلي,مضلل,,"https://m.facebook.com/story.php?story_fbid=pfbid0jNUaTpmdifR8ifamAcBGXqfNPxvd6mrP8FJ5vdY3K71TKE9SCPVZgRcGMmiiQRW2l&id=100064700764946&mibextid=CDWPTG
https://www.iucnredlist.org/species/41588/46173447",,"الاتحاد الدولي لحفظ الطبيعة
iucnredlist
فيسبوك
الكل","المغرب
أفريقيا",الفنك
https://shechecks.net/%d9%85%d8%ad%d9%84%d9%8a/1200/,هل أكل رجل في أوباري أعضاء زوجته بعد قتلها؟,"مايو 17, 2024",محلي,مضلل,,"https://m.facebook.com/story.php?story_fbid=pfbid02iLC3gjFspsqVe7J5ErKZ5RgBKEwwkjgSbciy7gLzKEALesXGFDJojeA67rshwc8Bl&id=100064693536480&mibextid=CDWPTG
https://m.facebook.com/story.php?story_fbid=pfbid0vhhiBUmLePMbds69ok4oMNFtQVroztQRb1vpqRNtbVXe7LS9rbS6CKT8jtStgtJWl&id=61553692372832&mibextid=CDWPTG
https://www.facebook.com/share/p/42kerHAdmFdTGksZ/?mibextid=qi2Omg",,,"أوباري
ليبيا",
https://shechecks.net/health/1196/,هل هذا الشاب الظاهر وهو يرتل القرأن ليبي الجنسية؟,"مايو 17, 2024",صحة|محلي|منوعات,مضلل,,"https://www.facebook.com/share/v/1z2ZrWFPa21FxWgf/?mibextid=xfxF2i
https://m.facebook.com/story.php?story_fbid=pfbid02Gjb7qfPba38ThuH1xJowKtL5AdUwBJwuJmNTqtfPQdm6H2YcypsQU5Wgu3f5QxUSl&id=100064645093291&mibextid=CDWPTG
https://www.facebook.com/profile.php?id=100058997816828&mibextid=ZbWKwL","أحمد
أحمد ربحي ياسين",,,"القرآن
القران"
https://shechecks.net/%d9%85%d9%86%d9%88%d8%b9%d8%a7%d8%aa/1190/,هل هذا الفيديو ممارسة لأعمال سحر أسود؟,"مايو 16, 2024",فن|منوعات,مفبرك,,"https://vm.tiktok.com/ZMM2NKUcs/
https://vm.tiktok.com/ZMM2NvRP6/
https://vm.tiktok.com/ZMM2N9DpB/
https://www.tiktok.com/@aboodmagic?_t=8kS8fdXRIfu&_r=1
https://www.instagram.com/772abood?igsh=MTFieW43b3liNDZ0Ng==",سالمة بشير الكوافي,"aboodmagic
وإنستجرام
instagram
تيك توك",,
https://shechecks.net/%d9%85%d9%86%d9%88%d8%b9%d8%a7%d8%aa/1182/,هل ما يظهر في الصورة غول رُصد في ليبيا؟,"مايو 7, 2024",فن|محلي|منوعات,مفبرك,,"https://www.facebook.com/share/p/Yq7r8eXc95ecQf3n/?mibextid=xfxF2i
https://www.facebook.com/share/p/HX2C9PLoDbXNpiW5/?mibextid=xfxF2i
https://www.flickr.com/photos/shainerin/6322987313",Shain Erin,flickr,ليبيا,"الله
Christina"
https://shechecks.net/%d9%85%d9%86%d9%88%d8%b9%d8%a7%d8%aa/1177/,هل ميسي متواجد في ليبيا؟,"مايو 3, 2024",رياضة|محلي|منوعات,مضلل,,"https://www.facebook.com/share/p/pz39kK5KpdLdkyso/?mibextid=xfxF2i
https://www.instagram.com/reel/C6buxuetKfI/?igsh=MXN3NnFmYmczODRqZg==","ميسي
ليو ميسي","انستغرام
راس لانوف
instagram","ليبيا
Reel
لليبيا",
https://shechecks.net/%d9%85%d9%86%d9%88%d8%b9%d8%a7%d8%aa/1167/,حساب احتيالي يدعي التبرع بثروات طائلة لاشخاص في ليبيا وتونس,"مايو 3, 2024",محلي|منوعات,مفبرك,,https://www.taglisted.info/t30029-scammer-with-photos-of-phan-thi-my-thanh,"Phan Thi My Thanh
بدرة دبابي
هي",هي تتحقق,,"الله
دولار"
https://shechecks.net/%d9%85%d9%86%d9%88%d8%b9%d8%a7%d8%aa/1159/,هل تم القبض على رجال متنكرين بزي نساء في طرابلس؟,"أبريل 25, 2024",محلي|منوعات,مضلل,,"https://www.facebook.com/share/p/KLaAJ6vMJLPZ5dJt/?mibextid=qi2Omg
https://m.facebook.com/story.php?story_fbid=pfbid02xcRoFwcjEddXdPuKd2TCx4eHRfr5C5rGBtLX2TYDcCxk4trNdr6HXmzRBudECpM7l&id=100083334401188&mibextid=CDWPTG
https://www.facebook.com/story.php?story_fbid=318991793606504&id=100064870560799&mibextid=xfxF2i&rdid=dzzb6lVYTLjuDhYs",,,"الجزائر
طرابلس","الهيروين
دينا"
https://shechecks.net/%d9%85%d9%86%d9%88%d8%b9%d8%a7%d8%aa/1149/,هل فعلا ظهر مارك زوكربيرغ بلحية؟,"أبريل 22, 2024",منوعات,مفبرك,,"https://www.facebook.com/share/p/YnxcAkrZkA7L1Ash/?mibextid=xfxF2i
https://m.facebook.com/story.php?story_fbid=pfbid02zhehJS6N3evuPVcnS2zNfgqb7N2vA6mGM8uwwahyayBB89Dg6qJsjP6gsYCq8fHNl&id=61555345761669&mibextid=CDWPTG
https://www.instagram.com/reel/C56JwCSRMiS/?igsh=MXg2MmJ3OWozcHgyYw==","زوكربيرغ
مارك زوكربيرغ","انستغرام
META",,
https://shechecks.net/science/1154/,هل هذا الزفاف المعقد في مياه البحر حقيقي؟,"أبريل 21, 2024",علوم|منوعات,حقيقي,,"https://m.facebook.com/story.php?story_fbid=pfbid02xwRr8GP7QxZdv4dvPWvDuJPFih3383dRij8WhyjLBBhfYZyELVFG81dHy7uHEzgbl&id=100064707934879&mibextid=CDWPTG
https://m.facebook.com/groups/501612048008345/permalink/865517391617807/?ref=share&mibextid=CDWPTG
https://www.instagram.com/p/C53X4JEJAu7/?igsh=MWswMHNpMzVyNWRmdg=","Anne jang
jang","انستغرام
instagram",,Aiartist
https://shechecks.net/%d9%85%d9%86%d9%88%d8%b9%d8%a7%d8%aa/1139/,هل تم اكتشاف هذه العملات والمجوهرات في بنغازي؟,"أبريل 18, 2024",محلي|منوعات,مضلل,,"https://www.facebook.com/share/p/tvzkWPrmyEmS3Yn8/?mibextid=xfxF2i
https://www.facebook.com/share/p/dhYnDH4VvqcHCy7Z/?mibextid=xfxF2i
https://www.visittuscany.com/en/attractions/san-mamiliano-museum
https://www.huffpost.com/entry/gold-coins-israel-discovered-video-photos_n_6707540
https://www.sandiegouniontribune.com/sdut-archaeologists-discover-thracian-golden-jewelry-2012nov08-story.html
https://m.rozali.com/photo/trakijsko-zlatno-sukrovishte-v-sveshtari.html
https://news.artnet.com/art-world/ancient-roman-coins-discovered-1345595","لكنز سانماميليانو
rozali","visittuscany
huffpost
artnet
sandiegouniontribune","إسرائيل
بلغاريا
السلماني
إيطاليا",
https://shechecks.net/politics/1133/,هل هذا المشهد لرضيع في فم كلب في غزة؟,"أبريل 18, 2024",سياسة,مضلل,,"https://www.facebook.com/share/p/h4WkkQMF9ic8pF7D/?mibextid=xfxF2i
https://www.facebook.com/share/p/uaqF6YF6peDT18NF/?mibextid=xfxF2i
http://www.mmc.gov.bd/
https://factuel.afp.com/ar/doc.afp.com.34NZ9CK
https://rumorscanner.com/
https://www.jachai.org/about
https://newschecker.in/","jachai
rumorscanner
checker","mmc
rumorscanner
Mymensingh Medical College
وكالة الصحافة الفرنسية","مايمسينغ
بنغلاديش
غزة",
https://shechecks.net/%d9%85%d9%86%d9%88%d8%b9%d8%a7%d8%aa/1127/,هل تُظهِر هذه الصورة عريساً ليبيا؟,"أبريل 16, 2024",منوعات,مضلل,,"https://m.facebook.com/story.php?story_fbid=pfbid033Jgeoc8mRTd1Z2wXCHcHPAqhijqVT5RhCqPjZysoMYtTfcw24eFunn3koMBmh7rKl&id=100075944840835&mibextid=CDWPTG
https://m.facebook.com/story.php?story_fbid=pfbid03XaCuxzVqMwrLdDBe9wsSpwy5fiXLjBBebD1h8s9A9k26M5TnZJYBR4W6WvMf4Yyl&id=100095046727936&mibextid=CDWPTG
https://www.facebook.com/share/ntSWv5WVXyTrhzn8/?mibextid=qi2Omg
https://www.facebook.com/Loai.Musician?mibextid=ZbWKwL","btaates
لؤي النقيب","btaates
Loai","اجدابيا
اسكندرية",
https://shechecks.net/politics/1120/,هل هذه صورة حديثة لنجلاء المنقوش؟,"أبريل 15, 2024",سياسة,مفبرك,,"https://www.facebook.com/share/p/54RG7zT3QP27yzBa/?mibextid=xfxF2i
https://www.facebook.com/share/p/XBvpjuvYMskfF5Mf/?mibextid=xfxF2i
https://stock.adobe.com/es/images/woman-a-european-middle-aged-50-55-years-old-a-pretty-blonde-sitting-on-a-park-bench-with-a-smile/472559478
https://www.shutterstock.com/image-photo/woman-european-middleaged-5055-years-old-2084351326","woman
نجلاء
نجلاء المنقوش",shutterstock,,
https://shechecks.net/science/1115/,هل هؤلاء عمالقة حقيقيون؟,"أبريل 13, 2024",علوم|منوعات,زائف,,"https://www.facebook.com/share/r/X6mE4Smoe4YaTQS3/?mibextid=xfxF2i
https://www.facebook.com/share/r/u2Rvr6vHSZWLXm96/?mibextid=D5vuiz
https://vm.tiktok.com/ZMMxgDDyL/",,TikTok,,
https://shechecks.net/%d9%85%d9%86%d9%88%d8%b9%d8%a7%d8%aa/1109/,هل توفي مشجع لنادي الأهلي نتيجة دهسه من قبل مشجع لنادي الاتحاد الليبي؟,"أبريل 7, 2024",رياضة|منوعات,مضلل,,"https://www.facebook.com/share/p/XJZbdrbL1gLcBHi5/?mibextid=xfxF2i
https://www.facebook.com/share/p/3J5MEgjWohoVD5gK/?mibextid=xfxF2i",عبدالله سالم قدورة,"الإتحاد
الأهلي",طرابلس,
https://shechecks.net/%d9%85%d9%86%d9%88%d8%b9%d8%a7%d8%aa/1106/,هل تظهر هذه الصور ليبياً متزوجا من ابنة بيل جيتس؟,"أبريل 6, 2024",منوعات,مضلل,,"https://www.facebook.com/share/p/j75JPULb5E9aLk6W/?mibextid=xfxF2i
https://m.facebook.com/story.php?story_fbid=pfbid0S5o6sfeSrm4CD1dH4rYh3xzTmdmD7GvUcfEeB1a3LBZ67JHXSgFQoEmFLgx4MTTUl&id=100093516309058&mibextid=CDWPTG
https://www.instagram.com/nayelnassar?igsh=MnBwNWw4bG02N3h4","رشيد الشابي
لنائل
بيل غيتس
نائل نصار","انستغرام
instagram",,
https://shechecks.net/science/1090/,هل هذه بدلة فضاء من تصميم دار الأزياء العالمية LV ؟,"مارس 10, 2024",علوم|فن|منوعات,زائف,,"https://www.facebook.com/share/p/r1qHzHh9g9JNKG9t/?mibextid=xfxF2i
https://www.facebook.com/share/p/8i3AAP2xCtBy5ZmA/?mibextid=xfxF2i
https://www.instagram.com/p/C3CYWaRq6Cx/?igsh=azRqdDJxdmVmcnpm
https://t.co/4HYMgJwhvM",مشعل القمودي,"هي تتحقق
ناسا
لويس فوتون",,"بالشات بوت
لشات بوت"
https://shechecks.net/science/1083/,هل هذا جهاز للسفر عبر الزمن؟,"مارس 8, 2024",علوم|منوعات,زائف,,"https://www.facebook.com/story.php/?id=100093949525158&story_fbid=222507290890920
https://www.instagram.com/reel/C3gUKl_ONk1/?igsh=MW5qeTBzdm16amozaw==","سالمة
خليل بالراس علي
ليوليوس روبرت فون ماير
هي
بالراس
بالراس علي
بشير الكوافي",,,
https://shechecks.net/%d9%85%d9%86%d9%88%d8%b9%d8%a7%d8%aa/1074/,هل تصميم هذه الطائرة حقيقي؟,"مارس 7, 2024",منوعات,زائف,,"https://twitter.com/gorgeous4ew/status/1764741221610561574?t=Joyq5MErpm2KvUQ_nTogHQ&s=19
https://www.instagram.com/p/C3pC1QYKHwh/?igsh=azVobm85NzhxZnVl
https://www.instagram.com/billionaireharbour/","سالمة
بشير الكوافي","instagram
إكس
billionaireharbour
تويتر
توتير
إنستجرام",,
https://shechecks.net/%d9%85%d9%86%d9%88%d8%b9%d8%a7%d8%aa/1067/,هل شارك مايك تايسون في رقصة كشك ليبي؟,"مارس 6, 2024",منوعات,مفبرك,,"https://www.facebook.com/100082558373628/posts/388433377251938/?mibextid=rS40aB7S9Ucbxw6v
https://www.facebook.com/100064792623270/posts/820127950156952/?mibextid=rS40aB7S9Ucbxw6v
https://vm.tiktok.com/ZMMYCx75c/","سالمة بشير الكوافي
مايك تايسون",فيسبوك,تيكتوك,
https://shechecks.net/%d9%85%d9%86%d9%88%d8%b9%d8%a7%d8%aa/1061/,هل توجت صاحبة هذه الصورة بلقب ملكة جمال العرب؟,"مارس 6, 2024",منوعات,مضلل,,"https://www.facebook.com/share/p/CDXjawc2gyhdheEF/?mibextid=oFDknk
https://www.facebook.com/share/p/4hausVr5AgHvgsEc/?mibextid=oFDknk
https://missarabworld.com/
https://youtu.be/38GgN8WDGuI?si=adjv0SdpVFQScTF9
https://missarabworld.com/motion-media-production/
https://missarabworld.com/idea-copyrights/",وديان أبوشعالة,"missarabworld
موشن
فيسبوك
موشن للانتاج","ليبيا
مصر
لبنان
لليبيا",
https://shechecks.net/%d9%85%d9%86%d9%88%d8%b9%d8%a7%d8%aa/1057/,هل هذه هي الأطوال الحقيقية لهذين الممثلين؟,"مارس 5, 2024",فن|منوعات,مفبرك,,"https://www.facebook.com/share/p/ZMdC6W4T3XQxMW6r/?mibextid=oFDknk
https://www.facebook.com/share/f73abtiSzcVJD8Hn/?mibextid=oFDknk
https://www.google.com/search?q=google+lens&oq=Google+&gs_lcrp=EgZjaHJvbWUqBggBECMYJzIGCAAQRRg5MgYIARAjGCcyBggCEAUYQDIGCAMQIxgnMgYIBBBFGEEyEggFEAAYQxiDARixAxiABBiKBTISCAYQABhDGIMBGLEDGIAEGIoFMg8IBxAAGEMYsQMYgAQYigUyEggIEAAYQxiDARixAxiABBiKBTIMCAkQABhDGIAEGIoF0gEINTQ5MGowajmoAgCwAgA&client=ms-android-samsung-ss&sourceid=chrome-mobile&ie=UTF-8#vhid=zephyrhttps://lens.google/&vssid=zephyr-w-https://lens.google/
https://www.gettyimages.com/detail/news-photo/zachary-levi-and-asher-angel-attend-siriusxms-entertainment-news-photo/1003102268","وأشر أنجيل
ليفاي
زكاري ليفاي","gettyimages
Google
getty image",,"شازام
zephyrhttps"
https://shechecks.net/%d9%81%d9%86/1052/,هل هذه صورة حقيقية للمثلة التركية هاندا إرتشيل؟,"مارس 3, 2024",فن,مفبرك,,"https://www.facebook.com/share/p/SFKstMNqy8UaEphB/?mibextid=oFDknk
https://www.facebook.com/share/p/bKWBAFp18TUsmUCh/?mibextid=oFDknk
https://www.instagram.com/p/C3ndXCSNAGG/?igsh=MXVscThtbXloaXBqZg==
https://www.instagram.com/handemiyy?igsh=MTVnN200NTN1Nmh4","إرتشيل
هاندا إرتشيل","انستجرام
instagram",,
https://shechecks.net/%d9%85%d9%86%d9%88%d8%b9%d8%a7%d8%aa/1047/,هل هذه هي مؤدية صوت الخادمة في توم وجيري؟,"مارس 2, 2024",فن|منوعات,حقيقي,,"https://www.facebook.com/share/p/zhtiKvRTY7Vz7zra/?mibextid=oFDknk
https://www.facebook.com/100094025855699/posts/pfbid0xmu3xbhsReHEpucfiufD3itTevfy1WEkVTdkrdhHpJmbaX2HH65JwqPRZT11hYJVl/?app=fbl
https://www.vanityfair.com/hollywood/2021/04/hattie-mcdaniel-gone-with-the-wind-oscars-autobiography
https://www.imdb.com/title/tt0036119/characters/nm0709917
https://m.imdb.com/name/nm0709917/","Hattie McDaniel
هاتي ماكدانيال
Tom
Lillian Randolph
ماكدانيال
Mammy Tow Shoes
hattie
ليليان راندولف","Imdb
vanityfair
توم
imdb",,"الأوسكار
توم وجيري
Gone With the Wind
ذهب مع الريح"
https://shechecks.net/%d9%85%d9%86%d9%88%d8%b9%d8%a7%d8%aa/1041/,هل هذا فيديو لجني يمتطي حصان؟,"مارس 1, 2024",منوعات,مفبرك,,"https://vm.tiktok.com/ZMMLbmEHj/
https://www.facebook.com/reel/378488781482889/?mibextid=rS40aB7S9Ucbxw6v
https://www.instagram.com/yassine_cavalier?igsh=MXFubmpla3R4a3hrMQ==
https://www.instagram.com/reel/CTAonb5qLTf/?igsh=c3RpOXdpZWYzeXp3
https://www.instagram.com/reel/CmxEDuIIe4A/?igsh=YmdxMXV2YTIzNTMy
https://www.instagram.com/nuderobot?igsh=MXhlYnM0NGVvejNzdw==
https://www.instagram.com/reel/Cmw2QeJIb1T/?igsh=MTZsdTludWh0YTdpeQ==","سام شيا
Sam shea
كافالير
ياسين كافالير","instagram
إنستجرام",المغرب,
https://shechecks.net/%d9%85%d9%86%d9%88%d8%b9%d8%a7%d8%aa/1037/,هل هذه صورة ملعب طرابلس الدولي؟,"مارس 1, 2024",منوعات,زائف,,"https://www.facebook.com/share/p/yyHv6aREibWMudME/?mibextid=oFDknk
https://www.facebook.com/share/p/QqFGLPoYXPx5EU1e/?mibextid=oFDknk
https://lens.google/
https://stadionslaski.pl/",,"فيسبوك
stadionslaski
سيليزيا Śląski Stadium
Google
سيليزيا","شورزوف
طرابلس",
https://shechecks.net/%d9%85%d9%86%d9%88%d8%b9%d8%a7%d8%aa/1030/,هل هذا الكتاب حقيقي ومصنوع من جلد بشري؟,"فبراير 28, 2024",منوعات,مضلل,,"https://vm.tiktok.com/ZMM8myqEd/
https://www.instagram.com/reel/C3yCGOQN6nV/?igsh=Z2pwMHowM2d3MWV1
https://www.tiktok.com/@victor_pierre?_t=8kF86pJg7j3&_r=1
https://www.facebook.com/victor.leblanc.31?mibextid=ZbWKwL
https://www.instagram.com/vic_pie_art?igsh=MWMzbGxoeWIwazh6bg==","فيكتور بيير لبلاك Victor
لبلانك
victor
Victor Pierre",,LeBlanc,
https://shechecks.net/%d9%85%d9%86%d9%88%d8%b9%d8%a7%d8%aa/1023/,هل نشرت نورهان أشرف فيديو رفقة خطيبها؟,"فبراير 27, 2024",فن|منوعات,زائف,,"https://fb.watch/qtIP7qv8dI/?mibextid=UyTHkb
https://www.facebook.com/share/v/FZoNr4LRtK68XZrG/?mibextid=oFDknk","أشرف
هي
نورهان أشرف",فيسبوك,,"سهرة
الدبيبة"
https://shechecks.net/%d9%85%d9%86%d9%88%d8%b9%d8%a7%d8%aa/1017/,هل مثلت خدوجة صبري دور فتاة في المرحلة الثانوية؟,"فبراير 26, 2024",فن|منوعات,زائف,,"https://www.facebook.com/share/p/MmSUuS8LEuo37oVT/?mibextid=xfxF2i
https://m.facebook.com/story.php?story_fbid=pfbid02GcSmqEfp2fKr1dMmjCoLKrtFY3Roc72ZEkZam2593p9e8g6e1mvPvzqkHUM24P2Cl&id=100053476030902&mibextid=CDWPTG","وخدوجة صبري
خدوجة صبري
خدوجة",فيسبوك,,بنات الثانوي
https://shechecks.net/%d9%85%d9%86%d9%88%d8%b9%d8%a7%d8%aa/1012/,هل مشهد القرش العملاق الظاهر في هذا المقطع حقيقي؟,"فبراير 24, 2024",منوعات,مفبرك,,"https://youtube.com/shorts/D2WgoRdTZrM?si=KWZLR2PgY2eRTqFN
https://vm.tiktok.com/ZMMdd986t/
https://www.discovery.com/shark-week
https://youtube.com/watch?v=zOVoXfP5i8s&si=sTspdv1McYTFsdaD
https://x.com/Unstop_weather?t=eTXc3H7cNOmIr4QACvRVhA&s=09
https://twitter.com/Unstop_weather/status/1708680956847255645?t=RuhFYzbgmWe7EBum_NMRpg&s=19",,"Unstop
Discovery
discovery
Unstoppablr Weather","تشيانتانغ
تشجيانغ
الصين",Shark Week
https://shechecks.net/%d9%85%d9%86%d9%88%d8%b9%d8%a7%d8%aa/1007/,هل هذا الختم “الأثري” رسم لقنبلة نووية؟,"فبراير 22, 2024",منوعات,زائف,,"https://www.facebook.com/share/p/kgbeVadvcGbvt4gV/?mibextid=oFDknk
https://www.facebook.com/share/p/bVoPyzcQDaWGPa3u/?mibextid=oFDknk
https://acmeclockworks.com/about.html
https://acmeclockworks.com/babylonian-cylinder-seal.html","كينت سترايفر
ستيفن باركر
باركر","acmeclockworks
الفيسبوك",,
https://shechecks.net/%d9%85%d9%86%d9%88%d8%b9%d8%a7%d8%aa/1001/,هل تم اكتشاف نفق قديم بمنطقة رأس الهلال؟,"فبراير 22, 2024",منوعات,مضلل,,"https://www.facebook.com/share/p/HASRcXwL6if2QY5B/?mibextid=oFDknk
https://www.facebook.com/share/p/9TQjzJ9CweJzfJUu/?mibextid=oFDknk
https://www.lananews.com/ar/?p=238470
https://www.facebook.com/share/p/HASRcXwL6if2QY5B/?mibextid=oFDknk
https://www.facebook.com/share/p/9TQjzJ9CweJzfJUu/?mibextid=oFDknk
https://www.lananews.com/ar/?p=238470
https://www.facebook.com/share/p/HASRcXwL6if2QY5B/?mibextid=oFDknk
https://www.facebook.com/share/p/9TQjzJ9CweJzfJUu/?mibextid=oFDknk
https://www.lananews.com/ar/?p=238470
https://www.lananews.com/ar/?p=238470
https://www.lananews.com/ar/?p=238470",هي,"lananews
لانا","ليبيا
درنة
رأس الهلال","الحرب العالمية
القلاريا"
https://shechecks.net/%d9%85%d9%86%d9%88%d8%b9%d8%a7%d8%aa/994/,ما حقيقة ظهور طائرة للخطوط الليبية في إحدى الطرق المزدحمة؟,"فبراير 22, 2024",منوعات,مفبرك,,"https://www.facebook.com/photo.php/?photo_id=788379313331305&locale=hu_HU
https://www.facebook.com/100064908571929/posts/pfbid037NyyZDYkFAShowbnKgzZjoTyGfGbbd7cbEuKfVhtTN2oCEkDyMYES1QRdwBFSsqol/?app=fbl
https://www.facebook.com/arraedntv?mibextid=ZbWKwL
https://www.facebook.com/266315680239288/posts/pfbid02YntDMeMGxEc8fvKFhwTCkzTnby5j5VVgYKjuxbtC6TGRaVqz5aTsmeRDf32ipZckl/?app=fbl",,"الرائد
الفيسبوك
arraedntv",بطرابلس,
https://shechecks.net/politics/973/,هل هذه ابنة معمر القذافي؟,"فبراير 19, 2024",سياسة|منوعات,مضلل,,"https://vm.tiktok.com/ZM6oEP5tc/
https://vm.tiktok.com/ZM6oEH2fD/
https://vm.tiktok.com/ZM6oEs9ef/
https://www.instagram.com/dina_shetaa?igsh=czZzOW1qaXFhdTI5","dina
دينا شيتا
سارة معمر القذافي
معمر القذافي","TikTok
انستغرام
instagram",,
https://shechecks.net/%d9%85%d9%86%d9%88%d8%b9%d8%a7%d8%aa/969/,هل هذا تمثال في زوارة الليبية؟,"فبراير 19, 2024",منوعات,مضلل,,"https://www.facebook.com/share/p/mNUp6snMZkABCsZq/?mibextid=qi2Omg
https://www.shutterstock.com/image-photo/this-statue-young-boy-located-off-1573617136
https://maps.google.com/?q=80070+Baiae%2C+Metropolitan+City+of+Naples%2C+Italy&ftid=0x133b1221b88d7361:0xa819a96e38c1003&entry=gps",هولي لويس,"Metropolitan
فيسبوك
shutter stock
Baiae
shutterstock
Italy","إيطاليا
الزوارة
باكولي
نابولي
باياي",
https://shechecks.net/science/964/,هل هذا حمام حراري في بودابست؟,"فبراير 19, 2024",علوم|منوعات,زائف,,"https://www.facebook.com/share/p/r1MZw5NCVshmRarH/?mibextid=xfxF2i
https://www.facebook.com/share/p/JCTFSod8tFTB78Br/?mibextid=xfxF2i
https://www.instagram.com/p/C2chOvurzWJ/?igsh=ZWE1azdraWN5NWky
https://shechecks.net/science/902/
https://shechecks.net/environment/835/",,shechecks,بودابست,
https://shechecks.net/politics/960/,هل هذا ظهور حديث للرئيس العراقي الراحل صدام حسين؟,"فبراير 19, 2024",سياسة,مفبرك,,"https://www.instagram.com/reel/C0_-VYtNadS/?igsh=cHl6aWg4MDVwODBz
https://youtu.be/fn2Rf2v-T5Y?si=UiboFHGjI27qCLkG","وصدام حسين
توني بينس
صدام حسين","انستغرام
instagram",,
https://shechecks.net/politics/956/,هل فعلا تباع رؤوس الدجاج هذه في السوق المصرية؟,"فبراير 19, 2024",اقتصاد|سياسة,مفبرك,,"https://www.facebook.com/share/p/fokkRHye7URbHwBN/?mibextid=xfxF2i
https://www.facebook.com/share/p/wd3dnQgWRsBkDGBA/?mibextid=xfxF2i
https://twitter.com/MohWorldent/status/1428424676494217228?t=dL6rbPIXpNE_0tgnk5DYsw&s=19
https://g.co/kgs/9Nr4g5i
https://blueskysupermarket.com/",,blueskysupermarket,"Blue
يورك
كندا
Blue Market",جنيه
https://shechecks.net/science/949/,هل هؤلاء أبطال كرتون “عهد الاصدقاء الحقيقيين” ؟,"فبراير 16, 2024",علوم|فن|منوعات,حقيقي,,"https://www.facebook.com/share/p/P3Bat8uuBurFJfao/?mibextid=xfxF2i
https://m.facebook.com/groups/727548657948662/permalink/1377409079629280/?ref=share&mibextid=CDWPTG
https://m.facebook.com/groups/officialmidjourney/permalink/726414682983432/?ref=share&mibextid=CDWPTG","الفريدو ورميو
ليزا تيتزنر",فيسبوك,,"عهد الأصدقاء
عهد"
https://shechecks.net/politics/944/,هل يظهر هذا المقطع خميس القذافي؟,"فبراير 15, 2024",سياسة,مفبرك,,"https://vm.tiktok.com/ZM6KpmSbH/
https://vm.tiktok.com/ZM6KpS2ko/
https://youtube.com/shorts/WIDdzQnHtMU?si=N2beX0GNpYHOqi9E
https://youtube.com/shorts/WIDdzQnHtMU?si=N2beX0GNpYHOqi9E
https://shechecks.net/science/921/","عمران خان
معمر القذافي
بيل هادر
خميس معمر القذافي","سكاي نيوز عربية
YouTube
shechecks",,
https://shechecks.net/science/937/,هل هذه صورة نحت على موزة؟,"فبراير 12, 2024",علوم|فن,زائف,,"https://www.facebook.com/share/p/QGSBwbRtPwsmTt9X/?mibextid=2JQ9oc
https://www.facebook.com/share/p/6X2T8V6SK6saqxdU/?mibextid=2JQ9oc
https://www.facebook.com/chazer?mibextid=2JQ9oc
https://www.facebook.com/share/p/csUwoovdzuQQdT6L/?mibextid=2JQ9oc",جريم شازار,,"كولمبو
سيريلانكا",ميدجورني
https://shechecks.net/science/929/,هل هذه سيارة إسعاف في اليابان؟,"فبراير 10, 2024",علوم|منوعات,زائف,,"https://www.facebook.com/reel/1068293624389188
https://m.facebook.com/story.php?story_fbid=122115046670193956&id=61555818701856&mibextid=I6gGtw
https://m.facebook.com/story.php?story_fbid=122115046670193956&id=61555818701856&mibextid=I6gGtw
https://www.instagram.com/user.dastan?igsh=YWQ3eXhma3h0andv",,samsung,اليابان,
https://shechecks.net/health/925/,هل يسبب هذا الدواء فشلاً كلوي وسكتة قلبية؟,"فبراير 9, 2024",صحة,مضلل,,"https://www.facebook.com/share/p/h5jArQsUnS2Xxj71/?mibextid=xfxF2i
https://twitter.com/Aseel__tr/status/1754572294293246182?t=LE5Zj1MNbVtTZr9a8h2QSQ&s=19
https://fdcc.ly/%D8%AA%D9%88%D8%B6%D9%8A%D8%AD-%D8%B9%D9%86-%D9%82%D8%A7%D9%86%D9%88%D9%86%D9%8A%D8%A9-%D9%88%D8%B4%D8%B1%D8%B9%D9%8A%D8%A9-%D8%A7%D8%B3%D8%AA%D8%AE%D8%AF%D8%A7%D9%85-%D8%A7%D9%84%D8%AF%D9%88%D8%A7%D8%A1-REALLY-EXTRA.-",Aseel,"إكس
وفيسبوك
منظمة الغذاء والدواء الأمريكية",ليبيا,"REALLY
Caffeine
BP
Diclofenac
Paracetamol"
https://shechecks.net/science/921/,هل لدى هذا الممثل القدرة على تغيير ملامح وجهه؟,"فبراير 9, 2024",علوم|فن|منوعات,مفبرك,,"https://www.facebook.com/reel/1168389834545994?s=yWDuG2&fs=e&mibextid=UyTHkb
https://vm.tiktok.com/ZM6WmJNbs/
https://deepfakesweb.com/
https://youtube.com/@CtrlShiftFace?si=ntTXtkGbdYIwX399
https://www.theguardian.com/news/shortcuts/2019/aug/13/danger-deepfakes-viral-video-bill-hader-tom-cruise
https://youtube.com/@CtrlShiftFace?si=ntTXtkGbdYIwX399
https://youtu.be/EmLErcRbKc4?si=yMTai_MTKKv1pX21
https://youtu.be/VWrhRBb-1Ig?si=HsTEoS_fbj7Ybz9m
https://youtube.com/watch?v=lEzb-MDG6Zc&si=Yi68uYphSJOScRAx
https://youtube.com/watch?v=OgGYQGPYvu0&si=j2lKxpLMtqn0khKK
https://youtu.be/kjI-JaRWG7s?si=Z2mEnOYg4Jb43Q_f","بيل هادير
توم","YouTube
Ctrl
الغارديان
CtrlShiftFace
theguardian",التشيك,"late night
DeepFake"
https://shechecks.net/science/913/,هل هذا روبوت مزارع في اليابان؟,"فبراير 6, 2024",علوم|منوعات,مضلل,,"https://www.facebook.com/share/r/6GyFvQjMkgGhguqY/?mibextid=14AR8G
https://www.facebook.com/share/r/JJ1CBD99RiwnQHji/?mibextid=xfxF2i
https://wonderdynamics.com/
https://www.linkedin.com/in/nikola-todorovic3","نيكولا تودورفيك
هي","Wonder Dynamic
Wonder
WonderDynamic
wonderdynamics",اليابان,CGI
https://shechecks.net/science/902/,هل هذه صورة للخطوط الجوية الإيرانية في سبعينيات القرن الماضي؟,"فبراير 4, 2024",علوم|منوعات,زائف,,"https://m.facebook.com/groups/542853443655561/permalink/1063569608250606/?ref=share&mibextid=CDWPTG
https://www.facebook.com/share/p/MFfhU5BitwXeuicJ/?mibextid=K8Wfd2
https://cookednomad.com/",,cookednomad,ايران,
https://shechecks.net/politics/898/,هل هذا الرجل عالم اسرائيلي قتل في هجوم تبنته حماس؟,"فبراير 4, 2024",سياسة,مضلل,,"https://www.facebook.com/reel/304641252438397?mibextid=nb1MFm3jZYALyyMy
https://www.facebook.com/share/p/A5Lsbi88WZNzXayy/?mibextid=9XSwGo
https://ar.timesofisrael.com/%D8%B9%D8%A7%D8%A6%D9%84%D8%A9-%D9%8A%D9%88%D9%81%D8%A7%D9%84-%D9%83%D8%A7%D8%B3%D8%AA%D9%84%D9%85%D8%A7%D9%86-%D8%A7%D9%84%D8%B0%D9%8A-%D9%82%D8%AA%D9%84-%D8%B9%D9%86-%D8%B7%D8%B1%D9%8A%D9%82-%D8%A7/","آريل يعقوب
كاستلمان
يوفال كاستلمان","timesofisrael
ISREAL
THE TIME
حماس
Google","تل أبيب
إسرائيل
القدس",
https://shechecks.net/health/888/,هل دواء Tamsulin قاتل؟,"فبراير 3, 2024",صحة|علوم,مضلل,,"https://m.facebook.com/story.php?story_fbid=pfbid02v9s38yPJgAyEa9jjL1HSPdH7AVgtK7KWwSVfMKKjKkgiWJL8RP46KgPHcv1SZMj5l&id=100064212152292&mibextid=CDWPTG
https://www.facebook.com/share/p/cWo5w4ScHEovMQnQ/?mibextid=xfxF2i
https://www.marcyrl.com/?fbclid=IwAR3qmwxjIFgGhdcvHf4oZjV9jDAdpNDOPUqxpvLBdY0FYdMZvi5-uKoRxsI","سحر الخراز
للخراز","واتساب
ميراكيورل Marcyrl
واتس آب
marcyrl","ليبيا
إسرائيل","تامسولين
Tamsulin"
https://shechecks.net/environment/878/,هل تم اكتشاف أسماك بوجوه بشرية؟,"فبراير 3, 2024",بيئة|علوم,زائف,,"https://www.facebook.com/share/v/wscsETSkkm1mHDCQ/?mibextid=xfxF2
https://www.facebook.com/share/v/tTiu6VZBwibyAnPp/?mibextid=xfxF2i
https://youtu.be/1e4G6d50ilA?si=ZQV_zNqmvGL1ZUue
https://maps.app.goo.gl/2F1Bk4oCicdcXzjW6
https://www.itis.gov/info.html",,"YouTube
itis
Headtap Videos","الهند
كارانجي
سامسارا
كارناتاكا
ميسورو",
https://shechecks.net/environment/873/,هل يوجد عنب باسم أبو نجمة؟,"فبراير 2, 2024",بيئة|علوم,مفبرك,,"https://www.facebook.com/groups/408815036919271/permalink/1112855473181887/?mibextid=nb1MFm3jZYALyyMy
https://www.facebook.com/share/p/iLgZtqzmqGRWP1vX/?mibex
https://www.freshplaza.com/north-america/article/9521744/who-has-seen-the-star-shaped-grapes-from-japan/
https://vm.tiktok.com/ZM6tHs8AQ/
https://m.douyin.com/share/video/7140398510565854478
https://factcheck.afp.com/doc.afp.com.33CX7M7",,"freshplaza
AFP",japan,ابونجمه
https://shechecks.net/politics/870/,هل يمكنك تحديد بلد المنشأ للمنتج من خلال الرمز الشريطي الخاص به؟,"فبراير 1, 2024",سياسة|منوعات,,,"https://www.facebook.com/groups/703763768016110/permalink/750054260053727/?mibextid=UyTHkb
https://m.facebook.com/story.php?story_fbid=pfbid02gLazKphN2nPfoXYYAFnkwd4gmPJdFKNQjSEVaDa5RVN8WTTyYSXP9ttgcMuEq1Ufl&id=100071181716745&mibextid=UyTHkb
https://www.gs1.org/
https://xchange.gs1.org/sites/faq/Pages/does-the-gs1prefix-first-2-or-3-digits-of-the-ean-13-barcode-number-show-the-country-of-origin.aspx",,"xchange
فيسبوك","إسرائيل
غزة
لهولندا
بإسرائيل",الباركود
https://shechecks.net/environment/861/,هل ما يظهر في هذا المقطع هو نبتة ماندرا كورا حقيقية؟,"فبراير 1, 2024",بيئة|علوم|منوعات,حقيقي,,"https://www.instagram.com/reel/C2C7_MctUcE/?igsh=cHB3NXk5OWwxeWp0
https://m.vk.com/first_in_first?z=photo-156998928_457249719%2Fwall-156998928_6338
https://www.fs.usda.gov/wildflowers/ethnobotany/Mind_and_Spirit/mandrake.shtml
https://herbaria.plants.ox.ac.uk/bol/plants400/Profiles/MN/Mandragora
https://www.sciencedirect.com/topics/pharmacology-toxicology-and-pharmaceutical-science/mandragora",يوسيفوس,"sciencedirect
ethnobotany
herbaria","اليونان
تونس
إيطاليا
وقبرص
أروبا
وأمريكا الشمالية
وسوريا
روسيا
ويوغسلافيا
بوجدانوفيتش
mandragora
البرتغال
المغرب
أوروبا
إيران
إسبانيا
المشرق
والأراضي الفلسطينية
تركمانستان
البحر المتوسط
أفريقيا
Mandragora
الجزائر
والأردن
لبنان
تركيا
إفريقيا","الباذنجانيات
الماندريك
العفريت
الماندرا جورا
هاري بوتر
هاري بوتر بوتر
اللفاح
الماندرا كورا
mandragora"
https://shechecks.net/%d9%85%d9%86%d9%88%d8%b9%d8%a7%d8%aa/852/,هل لوكا مودريتش هو من غنت له فيروز شادي؟,"يناير 31, 2024",فن|منوعات,ساخر,,"https://m.facebook.com/story.php?story_fbid=pfbid0iBcaNtsm75TdH6m6cJFUZ8rNpkA3sjysw1EUEXeHCWnptqmdeEoxgm7578h9spr5l&id=61550096196615&mibextid=UyTHkb
https://m.facebook.com/story.php?story_fbid=pfbid0hqdPta7uNhBka1KgKYUCS8yrgwqxVUG7Uis84jRJGv1LPkkJ6KNEDDa4YrGpesdsl&id=100064238793008&mibextid=UyTHkb
https://www.eurosport.com/football/luka-modric_prs85897/person.shtml
https://es.besoccer.com/noticia/la-sincera-emocion-de-un-padre-548559
https://nasrishamseddine.com/%D9%8A%D8%B9%D9%8A%D8%B4-%D9%8A%D8%B9%D9%8A%D8%B4/","لوكا مودريتش
موديرتش
نصري شمس الدين
ستيب موديريتش
لوكا موديريتش
مودريتش
شادي
فيروز
موديريتش
لوكا ستيب مودريتش","nasrishamseddine
eurosport
إيروسبورت
Dplay Entertainment Limited
ليكيب
besoccer","كرواتيا
زادار","يعيش يعيش
ايتش
مدريتش"
https://shechecks.net/%d9%85%d9%86%d9%88%d8%b9%d8%a7%d8%aa/845/,هل هذه أهرامات الحطية الليبية؟,"يناير 30, 2024",منوعات,مضلل,,"https://www.facebook.com/556546057814309/photos/a.643854815750099/1383598505109056/?type=3&paipv=0&eav=AfYNZ0OoZvmIhBzb4zoFCTGCsHUwg1V2hQf5e4DQx0GlP5osJfdfqn3ai9WZtl68BzE&_rdr
https://www.facebook.com/share/p/oZDSp6AjXXTQZaap/?mibextid=K8Wfd2
https://www.ecoi.net/en/countries/libya/maps/?page=11
https://maps.app.goo.gl/Ueauv5ntxQh79fzx5
https://maps.app.goo.gl/VcqSbCP1seKoKVsx8
https://stock.adobe.com/images/Die-Pyramiden-von-Jebel-Barkal-im-Sudan-/119242717?as_campaign=TinEye&as_content=tineye_match&clickref=1100lycmgJTP&app_clickref=1100lycmgJTP&mv=affiliate&mv2=pz&as_camptype=backlink&as_channel=affiliate&as_source=partnerize&as_campaign=tineye
https://youtu.be/3MCdoRKss6A?si=flFTgayhEV210oho
https://youtu.be/rg0sPnJi5TA?si=Ozxad2AobY3yMlAJ
https://correspondents.org/en/2016/05/06/the-forgotten-pyramids/
https://www.heritagedaily.com/2023/04/the-pyramid-tombs-of-libya/146849
https://www.maghrebmagazine.com/the-pyramids-of-libya-in-the-sahara-desert","Jebel
ecoi","app
stock
الأمم المتحدة
heritagedaily
وصندوق الأمم المتحدة للسكان
adobe stock
الاتحاد الأوروبي","السودان
الخرطوم
مروي
أوباري
طرابلس
Die
sahara
Sudan
البحر الأبيض المتوسط
libya
TinEye
الصحراء
النيل
ليبيا",Pyramiden
https://shechecks.net/environment/835/,هل هذا المنزل المحاط بالأزهار الزرقاء حقيقي؟,"يناير 29, 2024",بيئة|علوم,زائف,,"https://www.facebook.com/share/p/ZATnRXjVN4AiJBvZ/?mibextid=K8Wfd2
https://www.facebook.com/share/p/2jX7KUQJVzezBsZ1/?mibextid=9R9pXO
https://www.instagram.com/p/C2DdKc2SS81/?igsh=cjk0cDhlbjRjYjRy",,instagram,,
https://shechecks.net/politics/826/,هل هذه والدة الرئيس المصري عبدالفتاح السيسي؟,"يناير 28, 2024",سياسة|منوعات,مضلل,,"https://www.facebook.com/share/v/S4FBq7MuoWkMP9Dj/?mibextid=7F9bzA
https://www.facebook.com/share/v/EMexMxg7F2MbYPyh/?mibextid=7F9bzA
https://www.facebook.com/TeNTVEG/videos/797562693771822/?mibextid=P8HzSU","عبدالفتاح السيسي
محمد ناجي",TeNTVEG,مصر,
https://shechecks.net/%d9%85%d9%86%d9%88%d8%b9%d8%a7%d8%aa/822/,هل تنبأ مسلسل سيمبسون بصورة السيلفي الشهيرة؟,"يناير 28, 2024",فن|منوعات,مضلل,,"https://m.facebook.com/story.php?story_fbid=pfbid02ZXMSnC7V4WtaThnNQiv7W8ojnEtfmqZpCwrThuczFvcweVyRKfm1oR38E1z2sDxQl&id=100085169768688&mibextid=UyTHkb
https://m.facebook.com/groups/611030810968427/permalink/740751171329723/?mibextid=UyTHkb
https://x.com/HomerJSimpson/status/441009474699280384?t=Us0_G-lfI6EYz-7_rtfbsA&s=07","سالمة بشير الكوافي
إلين ديدجنرس
هي
غرونينغ
مات",HomerJSimpson,,"الأوسكار
أوسكار سيلفي
ذا"
https://shechecks.net/%d9%85%d9%86%d9%88%d8%b9%d8%a7%d8%aa/817/,هل هذه تصميمات للمعمارية زها حديد؟,"يناير 26, 2024",فن|منوعات,مضلل,,"https://m.facebook.com/story.php?story_fbid=pfbid0tqCBDs9NUhdaDse9bt6aDaoUdhku69ZBKeTHX1bVr3LyTFvTVon8jd4xAXcs5r8wl&id=100011372301831&mibextid=UyTHkb
https://m.facebook.com/groups/528436738254789/permalink/1019927829105675/?mibextid=UyTHkb
http://george-christie.com/towers/",زها حديد,"UyTHkb
حورج كريستي
george","وفرنسا
والنمسا
وبريطانيا
وهونج كونج
وأذربيجان
وإيطاليا
الصين
وقطر
وبلجيكا",لحديد
https://shechecks.net/%d9%85%d9%86%d9%88%d8%b9%d8%a7%d8%aa/838/,هل هذه أم ليبية تضرب معلمة؟,"يناير 25, 2024",منوعات,مضلل,,"https://www.facebook.com/share/p/iERKumhUvsnCM3MD/?mibextid=xfxF2i
https://www.facebook.com/share/v/x8Gf92v79fKbp4NA/?mibextid=7F9bzA
https://fesnews.net/471703/2023/10/10/
https://www.facebook.com/share/p/NuLt39W5mHzyd2KT/?mibextid=xfxF2i",,"للنقابة الوطنية للتعليم
fesnews
اولاد بوصالح","المغرب
عين الشقف
بوسليم
طرابلس
مولاي يعقوب",
https://shechecks.net/%d9%85%d9%86%d9%88%d8%b9%d8%a7%d8%aa/811/,هل تم إطلاق نسخة جديدة من فيلم هاري بوتر؟,"يناير 23, 2024",فن|منوعات,مفبرك,,"https://m.facebook.com/groups/imgnarabhp/permalink/6915171351869624/?mibextid=UyTHkb
https://m.facebook.com/story.php?story_fbid=pfbid0431bEKMJk4aCKFDtycVWVPLNjTjGgoKkiKvUL1oaMb4b5kHpbp8GMcqPrjcY7w21l&id=61555155666321&mibextid=UyTHkb",جي كي رولينج,وورنر بروذرز,,هاري بوتر
https://shechecks.net/politics/805/,هل استهدفت إسرائيل حسن نصر الله؟,"يناير 23, 2024",سياسة,لا يمكن التأكد منه,,"https://x.com/NewsNow4USA/status/1749062873022636157?t=2Xtrikyk_3lVeyTKA2jDkw&s=08
https://x.com/M_B_H_N/status/1749114009566028072?t=0LlPS3RZ2ibg-FXVOSFJzw&s=08","وسام الطويل
حسن نصر الله
M","ABC
حزب الله",,
https://shechecks.net/environment/798/,هل هذا المشهد لمنزل أوراق السوسن المائي حقيقي؟,"يناير 23, 2024",بيئة|علوم,زائف,,"https://m.facebook.com/story.php?story_fbid=pfbid034rxFeYoLxF6zddtoG5eeGNp1XNNR9r95CHmVdJa2wGg5DCrFT7ySGoZ92sxMMR8Gl&id=100083424827079&mibextid=CDWPTG
https://m.facebook.com/story.php?story_fbid=pfbid0a8WwU2ZNZ94cLrijaQQTnGkUCiudaKvoD4DSFCbn4qpv9JKfByCXUzSCNkNvKkLPl&id=100011625631301&mibextid=CDWPTG
https://www.google.com/imghp?hl=en
https://www.instagram.com/lulumoonowlbooks?igsh=MTlpdHg0NndyemUxag==
https://www.instagram.com/p/C2VfbhHSvXF/?igsh=dnQ1cjZrNXlkamhj","dennaoui
dina dennaoui","google
فيسبوك
instagram
جوجل",,
https://shechecks.net/politics/794/,هل صدَّق الرئيسي المصري عبدالفتاح السيسي على بناء معبد يهودي جديد؟,"يناير 21, 2024",سياسة,زائف,,"https://www.facebook.com/share/p/wKJRyjDpvuvEd7oZ/?mibextid=xfxF2i
https://www.facebook.com/share/p/Mfx4CBThGH71cXec/?mibextid=xfxF2i
https://www.facebook.com/share/p/CkoGzqJAmhmLtT1v/?mibextid=qi2Omg","عبدالفتاح السيسي
السيسي","الوطن
متصدقش",,جنيه
https://shechecks.net/health/790/,هل توفي صاحب جملة “روح الروح”؟,"يناير 20, 2024",سياسة|صحة,زائف,,"https://www.facebook.com/share/p/CLmHXc5cfMoRp9dZ/?mibextid=xfxF2i
https://www.facebook.com/share/p/9SejZUNpCtyRgQ19/?mibextid=xfxF2i
https://www.facebook.com/profile.php?id=100077361593018&mibextid=ZbWKwL
https://www.facebook.com/share/v/TGnWHnDtuuqB73b1/?mibextid=qi2Omg","لخالد النبهان
النبهان
خالد النبهان",فيسبوك,,روح الروح
https://shechecks.net/science/778/,هل هذا عرض أزياء حقيقي؟,"يناير 19, 2024",علوم|منوعات,زائف,,"https://www.facebook.com/share/p/HcE4yj6kRkZc5vz5/?mibextid=xfxF2i
https://www.facebook.com/share/p/T1iybw1NzLjH7LtV/?mibextid=xfxF2i
http://www.shechecks.net",,shechecks,,
https://shechecks.net/politics/774/,هل تبنى هذا المؤثر الإماراتي طفلين يهوديين؟,"يناير 18, 2024",سياسة,مضلل,,"https://twitter.com/Aish_yadomi/status/1747345499659583833?t=GZvsifYSn1QyarXvt-Aw7w&s=19
https://twitter.com/DrandeshAlaskre/status/1747264719470371258?t=CyIFJdtO35JREoGS9ZFVIQ&s=19
https://twitter.com/mes_alshamsi/status/1746209617745531233?t=vBUS-ki27KNCrbE_ycim9g&s=19","Aish
مشعل الشامسي","DrandeshAlaskre
تويتر","أبوظبي
غزة
اليمن
الامارات",
https://shechecks.net/environment/770/,هل تم رصد تمساح في شوارع طرابلس الليبية؟,"يناير 17, 2024",بيئة|علوم|منوعات,مضلل,,"https://www.facebook.com/reel/373505971802883
https://www.facebook.com/share/v/RH6wARwgvrX5auRk/?mibextid=K8Wfd2
https://www.alarabiya.net/saudi-today/2023/11/08/%D8%AA%D9%85%D8%B3%D8%A7%D8%AD-%D8%B6%D8%AE%D9%85-%D9%8A%D8%AA%D9%85%D8%AE%D8%B7%D8%B1-%D9%81%D9%8A-%D8%A7%D9%84%D9%82%D8%B7%D9%8A%D9%81-%D9%88%D8%A7%D9%84%D8%A8%D9%84%D8%AF%D9%8A%D8%A9-%D8%AA%D9%85%D8%B3%D9%83-%D8%A8%D9%87",,"العربية
alarabiya
جوجل","القطيف
السعودية
طرابلس
الجبيل
الدمام",
https://shechecks.net/health/766/,هل تظهر هذه الصورة الصحفي وائل الدحدوح أثناء تلقيه العلاج في مصر؟,"يناير 16, 2024",سياسة|صحة,مضلل,,"https://m.facebook.com/story.php?story_fbid=999391834886957&id=100044484487446&mibextid=K8Wfd2
https://www.facebook.com/share/p/Ng2h6vAceH6mbxgx/?mibextid=K8Wfd2
https://www.aljazeera.net/news/2023/12/15/%D8%B4%D9%87%D8%A7%D8%AF%D8%A9-%D9%88%D8%A7%D8%A6%D9%84-%D8%A7%D9%84%D8%AF%D8%AD%D8%AF%D9%88%D8%AD-%D8%A8%D8%B4%D8%A3%D9%86-%D8%AA%D9%81%D8%A7%D8%B5%D9%8A%D9%84-%D8%A7%D9%84%D9%82%D8%B5%D9%81
https://m.facebook.com/story.php?story_fbid=786015093557539&id=100064471675202&mibextid=9R9pXO","الدحدوح
وائل الدحدوح","aljazeera
الجزيرة","غزة
الدوحة
مصر",
https://shechecks.net/%d9%85%d9%86%d9%88%d8%b9%d8%a7%d8%aa/756/,هل ظهرت ياسمين عبدالعزيز رفقة زوجها ترقص؟,"يناير 12, 2024",فن|منوعات,مفبرك,,"https://ar.m.wikipedia.org/wiki/%D9%8A%D8%A7%D8%B3%D9%85%D9%8A%D9%86_%D8%B9%D8%A8%D8%AF_%D8%A7%D9%84%D8%B9%D8%B2%D9%8A%D8%B2
https://ar.m.wikipedia.org/wiki/%D8%A3%D8%AD%D9%85%D8%AF_%D8%A7%D9%84%D8%B9%D9%88%D8%B6%D9%8A
https://vm.tiktok.com/ZM69kEsuC/
https://vm.tiktok.com/ZM69BS2Hr/
https://vm.tiktok.com/ZM69BYCqo/
https://vm.tiktok.com/ZM69BNvFW/","Ell7alawany
ياسمين عبدالعزيز
أحمد العوضي",TikTok,,
https://shechecks.net/politics/751/,هل هذه دمية مصنوعة في إسرائيل؟,"يناير 12, 2024",سياسة,مضلل,,"https://www.facebook.com/reel/1291613671632886
https://vm.tiktok.com/ZM69hn3WX/
https://www.instagram.com/p/C1xI0bauugd/?igsh=MjJyenBuazczcXk=
https://www.instagram.com/reel/C1--OzQutmB/?igsh=enB3OGJic3ZtaG12",,"انستجرام
instagram",إسرائيل,يوم الملوك الثلاثة
https://shechecks.net/science/743/,هل هذه الصورة الحقيقية للمحقق توغوموري؟,"يناير 7, 2024",علوم|فن|منوعات,زائف,,"https://ar.m.wikipedia.org/wiki/%D9%83%D9%88%D8%BA%D9%88%D8%B1%D9%88_%D9%85%D9%88%D8%B1%D9%8A
https://ar.m.wikipedia.org/wiki/%D8%A7%D9%84%D9%85%D8%AD%D9%82%D9%82_%D9%83%D9%88%D9%86%D8%A7%D9%86
https://m.facebook.com/story.php?story_fbid=pfbid032npBJ9SLnyCzsUW8NzwYgw2KRdUioNewPY9iBwgrmX5UWX2iT6tKnt2BEa1k5Yr1l&id=100004530428607&mibextid=CDWPTG
https://m.facebook.com/groups/1244350692710548/permalink/1785449505267328/?ref=share&mibextid=CDWPTG
https://www.xiaohongshu.com/
https://www.xiaohongshu.com/user/profile/609705b6000000000101d730?xhsshare=CopyLink&appuid=6407c9a10000000010028537&apptime=1704641963
https://en.m.wikipedia.org/wiki/Stable_Diffusion","توغوموري
كونان",xiaohongshu,,
https://shechecks.net/%d9%85%d9%86%d9%88%d8%b9%d8%a7%d8%aa/737/,هل ما يظهر في الصورة هو مدرج بكلية القانون بجامعة بنغازي؟,"يناير 4, 2024",منوعات,مضلل,,"https://m.facebook.com/story.php?story_fbid=pfbid0aJ7kiDd86sPusiVfwj8tKSGAnir2Yzdva9UCHb3VzwRujoo7GRHQNXAAa9z4W8Jml&id=100044308335706&mibextid=8oHioR
https://m.facebook.com/story.php?story_fbid=pfbid02LUd5QP5sXMpS3mXtzcmXiyXYZNNP9xwAC1N5DztaZJ5TQt8hhh95qXNaRKXRvDx7l&id=100044310949932&sfnsn=mo&mibextid=8oHioR
https://www.google.com/imghp?hl=en",,"معهد كامبريدج للطب الحيوي
جوجل","بنغازي
الولايات المتحدة",
https://shechecks.net/health/729/,هل يمكن علاج الاحتباس البولي لدى الرضع بالخنافس؟,"يناير 2, 2024",صحة|علوم,زائف,,,"سالمين
سالمين عيسي",,درنة,
https://shechecks.net/politics/680/,هل تم حذف سيناء من خرائط جوجل؟,"أكتوبر 20, 2023",سياسة,مضلل,,"https://m.facebook.com/story.php?story_fbid=pfbid0KP8aG3SD8vwPBTsyw1KhmXyGZ4WzoCjUdVXY9odVxJEAmRzmD6eHZSxu75ia2Daul&id=100057242366972&mibextid=CDWPTG
https://m.facebook.com/story.php?story_fbid=pfbid0dHAyeeNmmvmqvoikPur7sEoH7NEpQg7ozNBTyHKcAbhy3ZweC53Kuvk8hTVEtcPl&id=100035292683471&mibextid=CDWPTG
https://m.facebook.com/story.php?story_fbid=pfbid02NkQ1oxMyndVw4rgoejzqTcY7T9gzGDQStGUwwRHWF86P7NaAydxxn7nSCswGQ5ckl&id=100003264553882&mibextid=CDWPTG",,"جوجل ماب
Google
وجوجل ايرث
جوجل","لشبه جزيرة سيناء
سيناء",
https://shechecks.net/politics/675/,هل غرد ميل غيبسون حول الأحداث الحاصلة بين حماس وإسرائيل؟,"أكتوبر 20, 2023",سياسة|فن|منوعات,مفبرك,,"https://m.facebook.com/story.php?story_fbid=pfbid0tDyRhjt9v9uHZqsUSPgrACshpv3aBKxcfVmBz62rh7V5WAhvn9DbYzBdj3eo61A7l&id=1410310837&mibextid=CDWPTG
https://m.facebook.com/story.php?story_fbid=pfbid0pmgZ5HLb8PQHFrLuiPhfuUqMUc2fq6L7ytYthYkMjcgManmSCMnLQ6EnFy3dbt8dl&id=100002155123266&mibextid=CDWPTG",ميل غيبسون,حماس,"غزة
وإسرائيل",
https://shechecks.net/environment/666/,هل تم حصاد هذا الفستق في مدينة غريان الليبية؟,"سبتمبر 29, 2023",بيئة|علوم|منوعات,مضلل,,https://m.facebook.com/story.php?story_fbid=pfbid02unH3dYEnju8hTqZXAYT2YywknhEde5sJhFERokECUrWF51yqcLiipqVjC2B5grXtl&id=100063884176687&mibextid=Nif5oz,,"شركة الوجيه
الوجيه","حماة
سوريا",الفستق
https://shechecks.net/health/654/,هل هذا الطفل يبكي أمه التي جرفتها السيول في درنة؟,"سبتمبر 28, 2023",صحة,مضلل,,"https://fb.watch/niRdGgUELG/?mibextid=NnVzG8
https://www.facebook.com/reel/141740375678692?mibextid=T7ykJM
https://www.facebook.com/reel/141740375678692?mibextid=T7ykJM
https://m.facebook.com/story.php?story_fbid=415082957141740&id=100011511195891",,,درنة,
https://shechecks.net/%d9%85%d9%86%d9%88%d8%b9%d8%a7%d8%aa/646/,ما حقيقة مجسم “راس حسن” في العاصمة طرابلس؟,"سبتمبر 24, 2023",منوعات,,,"https://m.facebook.com/story.php?story_fbid=pfbid02a2zHYkVftjBgPYEYWVoHGAUErbSYgriyWAXjzNK5HX2j2JsSN2mLbfSZoz3LAVGHl&id=100070559072051&mibextid=CDWPTG
https://m.facebook.com/story.php?story_fbid=pfbid027JRWVGmWu7wF7r15mKMGp3FTXT2Pz1oTkmpUhZHF8uhUYmkLXxwxcNDfc1WMKysyl&id=100044443963955&mibextid=CDWPTG
https://www.istockphoto.com/photo/moai-the-polynesian-stone-carving-gm517378782-89463517",,"istockphoto
رانو راراكو","راس حسن
طرابلس
تشيلي
إيستر
دوران",موي
https://shechecks.net/health/628/,هل هذه فئران إنقاذ في درنة؟,"سبتمبر 17, 2023",بيئة|صحة|علوم,مضلل,,"https://m.facebook.com/story.php?story_fbid=pfbid02fkyxvWVXjnCRDEw8HVaQh6zs8zLFydVQPjrPzWat6tuczCUjbeQRwmFJsfs9kCbgl&id=100044289231290&mibextid=CDWPTG
https://m.facebook.com/story.php?story_fbid=pfbid038KwLJ9oX2sNZYXAoqk8A8GQsBwS13YGDVAE4p3CWGHVBikJGfF4heWXca5kjyhtkl&id=100045389854977&mibextid=CDWPTG
https://m.facebook.com/story.php?story_fbid=pfbid02GUP7DMKpS4GH7E3DP7E9U3aVYoNG6jLd3oXnQWVWBj1a5GPfRcEfUc7UhzqpwLPil&id=100068176563845&mibextid=CDWPTG
https://www.timesnownews.com/viral/explained-how-rats-wearing-tiny-backpacks-with-microphones-are-training-to-rescue-earthquake-survivors-article-92029481
https://twitter.com/HeroRATs",,"HeroRATs APOPO
APOPO
timesnownews","ليبيا
درنة",
https://shechecks.net/environment/619/,هل هذا مشهد من إعصار دانيال في ليبيا؟,"سبتمبر 16, 2023",بيئة,مضلل,,"https://fb.watch/m-aqQ28WRM/?mibextid=NnVzG8
https://fb.watch/m-aFoznE3T/?mibextid=CDWPTG
https://fb.watch/m-aG5AmshE/?mibextid=CDWPTG
https://site-mirror-ak.cnn.com/videos/world/2021/07/03/japan-landslide-wang-ndwknd-vpx.cnn",,cnn,"ليبيا
اليابان
درنة
japan",تسونامي
https://shechecks.net/health/1291/,هل يمكن أن تنقل جثث ضحايا فيضان درنة الأوبئة؟,"سبتمبر 15, 2023",صحة|محلي,مضلل,,,"أحمد الزعيليك
الزعيليك",نورني,درنة,
https://shechecks.net/health/615/,هل مشهد الطفل الذي يقول “أنا عايش” مصور في ليبيا؟,"سبتمبر 14, 2023",بيئة|صحة,مضلل,,"https://fb.watch/n2TvQxqlSr/?mibextid=CDWPTG
https://m.facebook.com/story.php?story_fbid=pfbid02b6FSePavnpB7wgEUfezjk4UpTYFkyKsqsXL5CprmVyvg1YC65Y1cnVpjozvh6YNil&id=100064311301065&mibextid=CDWPTG
https://fb.watch/n2TAx70apJ/?mibextid=NOb6eG
https://fb.watch/n2Vrg2nBKF/?mibextid=ZbWKwL",,,"نابلس
درنة
فلسطين",
https://shechecks.net/health/611/,هل مشهد الرجل الذي يصلي وسط السيول مصورة في ليبيا؟,"سبتمبر 14, 2023",بيئة|صحة,مضلل,,"https://www.facebook.com/reel/1041979533462263?mibextid=9drbnH
https://www.facebook.com/reel/1789606861474876?mibextid=9drbnH
https://youtube.com/shorts/Sg7DCVNaqD0?si=jaCT-RNVTKG6iANK",,,"السعودية
الدرنة",
https://shechecks.net/health/605/,هل هذه الطفلة إحدى ضحايا سيول درنة؟,"سبتمبر 14, 2023",بيئة|صحة,مضلل,,"https://m.facebook.com/story.php?story_fbid=pfbid02deEGM1FYjaYwG7s2beip6eSPn2vWz5HgDdehD35jWwekSdvsjEx7FyR7LmzqWcPzl&id=100077833887698&mibextid=CDWPTG
https://m.facebook.com/story.php?story_fbid=pfbid0CC39t13BEVJtyFpxgKuesaghSRDvsuu5hYL5HsmuGwAAHmNQdMjf8h9WwBL858d9l&id=100012087667408&mibextid=CDWPTG
https://m.facebook.com/story.php?story_fbid=pfbid0CC39t13BEVJtyFpxgKuesaghSRDvsuu5hYL5HsmuGwAAHmNQdMjf8h9WwBL858d9l&id=100012087667408&mibextid=CDWPTG
https://www.instagram.com/reel/CvvAQwAMj0e/?igshid=MzRlODBiNWFlZA==",,,درنة,
https://shechecks.net/health/593/,هل توفي الفنان الليبي “مفتاح معيليف” في سيول درنة؟,"سبتمبر 13, 2023",بيئة|صحة|فن|منوعات,,,https://m.facebook.com/story.php?story_fbid=pfbid0EPvSGrZ4fzb6y4JBkCSJq5YmLovrSf2rR3EUsL35TekoJf4oqRLPjqBvJvreEq3nl&id=100058000930676&mibextid=ZbWKwL,"مفتاح معيلف
محمد زينده
مفتاح معيليف",هي تتحقق,,الله
https://shechecks.net/health/635/,هل مشهد الزوبعة هذا ملتقط في ليبيا؟,"سبتمبر 13, 2023",صحة,زائف,,"https://www.facebook.com/reel/1061652781440126?mibextid=9drbnH
https://www.facebook.com/reel/1124751658910565?mibextid=9drbnH
https://www.facebook.com/reel/1053195506038527?mibextid=9drbnH
https://vm.tiktok.com/ZMjSM4gGy/
https://vm.tiktok.com/ZMjSr1vYY/
https://factuel.afp.com/ar/doc.afp.com.33UR2TY",,,ليبيا,دانيال
https://shechecks.net/environment/585/,هل تم العثور على الرضيع الظاهر في الصورة في درنة؟,"سبتمبر 12, 2023",بيئة|علوم,مضلل,,https://www.reuters.com/world/middle-east/newborn-toddlers-survive-days-rubble-bringing-joy-amid-earthquake-tragedy-2023-02-10/,amid,"رويترز
reuters","تركيا
درنه",
https://shechecks.net/environment/578/,هل هذه صور جثث أطفال في درنة الليبية؟,"سبتمبر 12, 2023",بيئة|علوم,مضلل,,"https://m.facebook.com/story.php?story_fbid=pfbid0EG4KqU5Kx8gtb915QRERGmjmEBVgc4phEeAcbrFU6xiEVaip4vzu1fD1DTnepARTl&id=100063815195726&mibextid=CDWPTG
https://m.facebook.com/story.php?story_fbid=pfbid02E7ksGqpHxgMccwXD4dkPhLi3MbqavdYfr7PKcEzPCbY4w4GwSY7zYMM1f5Pq9hqXl&id=100050916885636&mibextid=CDWPTG
https://m.facebook.com/story.php?story_fbid=pfbid02GAU6wuaDG2rUtxBbChJhniMxiSYJPuXrqSiF5XJV4qgdLuZ5MQqAJRc3YnsGNMu1l&id=100030496080110&mibextid=CDWPTG
https://nikolaev-news.ru/society/2023/02/07/12717.html",,,"درنة
درنه
سوريا",بالله
https://shechecks.net/environment/572/,هل صور هذا المشهد في مدينة درنة الليبية؟,"سبتمبر 12, 2023",بيئة|علوم,مضلل,,"https://fb.watch/m-wU8F_Lyx/?mibextid=NnVzG8
https://vm.tiktok.com/ZMjrNMfjq/
https://x.com/salah_alzaagi/status/718381378467950592?s=20",salah,,"السعودية
درنة",
https://shechecks.net/environment/566/,هل قدمت الإمارات مساعدات لليبيا عقب أزمة السيول؟,"سبتمبر 11, 2023",بيئة|سياسة|منوعات,زائف,,"https://m.facebook.com/story.php?story_fbid=pfbid02NFmAtJW2hQ5wQ94E3pe13fqqMCUh3VreNr6zULN6sC6jftpb716BX6d9V4ziTZ7ml&id=100057630871896&mibextid=CDWPTG
https://m.facebook.com/story.php?story_fbid=pfbid0gv31wxpkGhc3mkWqcBY9BMULrjbY2sXK1ftDKN9CFmBN3G1sckTrN8aPdJ7KcciAl&id=100049381111998&mibextid=CDWPTG
https://m.facebook.com/story.php?story_fbid=pfbid02n5bdWfAPMZUfZWKGnK9GUJPUsfzTAQt9bTvT7fGD7X28Qf2esuZmxwmjrpv3ZKeml&id=100002934426411&mibextid=CDWPTG
https://www.facebook.com/emiratesrc?mibextid=ZbWKwL
https://www.facebook.com/emiratesrc?mibextid=ZbWKwL
https://www.facebook.com/emiratesrc?mibextid=ZbWKwL",,"الهلال
هي تتحقق
الهلال الأحمر
emiratesrc
samsung","الأبرق
لليبيا",
https://shechecks.net/science/555/,كيف نكشف الصور المولدة عبر تقنيات الذكاء الاصطناعي؟,"سبتمبر 9, 2023",علوم,,,,,,,
https://shechecks.net/science/547/,هل هذا الرئيس العراقي الراحل صدام حسين؟,"سبتمبر 8, 2023",علوم|منوعات,زائف,,"https://m.facebook.com/story.php?story_fbid=pfbid0rzrWZYWaAv5nfgvC5PBYBbasa41AjDWkpDYyVfACZ2xbYU5opo4UsH6p4B55YofKl&id=100014286075501&mibextid=CDWPTG
https://m.facebook.com/groups/542853443655561/permalink/985698346037733/?ref=share&mibextid=CDWPTG
https://m.facebook.com/story.php?story_fbid=pfbid02UxzAL96bj6Z1Mhk2yuhJnbD9u1o1MUiGukxwY31EYZJXLskNWewqtYqSmmM1sfBSl&id=100042107086023&mibextid=CDWPTG",صدام حسين,,,
https://shechecks.net/science/543/,هل مقطع الفيديو المتداول للفنان المصري علي ربيع حقيقي؟,"سبتمبر 6, 2023",علوم|فن|منوعات,زائف,,"https://m.facebook.com/story.php?story_fbid=pfbid02Ynu71nX8yVHzrda5kfAffx6j4XMN8EdFt1BqF6JPcWjpn8GFdVgPqWTtUhTWeT9hl&id=100014227009165&mibextid=CDWPTG
https://m.facebook.com/story.php?story_fbid=pfbid0JswrwVgaggaAMyz9eWSREn78c2drsphDSs9Go7gRfmdczNN5268Zr4iNZ1ZzqBzfl&id=100094023821617&mibextid=CDWPTG
https://m.facebook.com/story.php?story_fbid=pfbid02bBpBwaYTs3Xsfd5aiZCysU5HhxmB2h4adHEt8ZTCysmmxk6a6VDzBmHoYTDbzPbPl&id=100006581079168&mibextid=CDWPTG
https://www.tiktok.com/@jacob_rtt/video/7273144793050418464?_t=8fRM20ZylEL&_r=1",جايكوب رات,jacob,,
https://shechecks.net/science/537/,هل نشر إيلون ماسك صورة له بالزي العربي؟,"سبتمبر 5, 2023",علوم|منوعات,زائف,,"https://m.facebook.com/story.php?story_fbid=pfbid02FTWav2RvQP9FaCZLrp1QaYJDsUX65FkKRbNGtUUx63wpG5GEDGvXjTWsHmhQRb7il&id=100086195173471&mibextid=CDWPTG
https://m.facebook.com/story.php?story_fbid=pfbid0W1pEr5Bj4UGpAeWJb3GSFfweemUyrqATufVDcwQzJdke88UrMPFsshbvq8VJzTxSl&id=100063668275478&mibextid=CDWPTG
https://m.facebook.com/story.php?story_fbid=pfbid0RbPa2D4uFaKGwXHV1kd8Hzk7ZwnXqQP2pQekQWwERf3BFGzH92WjpiXNKSdmXkBvl&id=100064961343049&mibextid=CDWPTG
https://twitter.com/ElonMuskAOC/status/1698577851807928608?t=qaQX3C-yDYjYOk_LvPIVvQ&s=19","Elon musk
elon musk parody
لإيلون ماسك
إيلون ماسك","parody
samsung
ElonMuskAOC",,
https://shechecks.net/politics/530/,هل ظهرت المنقوش رفقة أردوغان في سيارة؟,"سبتمبر 1, 2023",سياسة,مفبرك,,"https://m.facebook.com/story.php?story_fbid=pfbid02wFZ8VoAHXmG8pacyeqMEFSYEZZ21TCxzMJq9xv9m86oSM5yL8CtxMmAUqAYcXQyUl&id=100050481369864&mibextid=CDWPTG
https://m.facebook.com/story.php?story_fbid=pfbid02nF6PAEWUDEH6J4wT7uoFV7RWtS1EQkzPUNF2dp5uUgfSZNNJZVoNi8JDAtgfHCmbl&id=100042097885869&mibextid=CDWPTG  https://m.facebook.com/story.php?
https://m.facebook.com/story.php?story_fbid=pfbid08cChhJ8HYtmxXGCUkWVyK3EZ9NVmhMtMFHZNNRiFCbRrDWDLJd2WdhnCGCnuLPcGl&id=100078811427419&mibextid=CDWPTG
https://www.aljazeeramubasher.net/news/economy/2023/4/3/%D8%A3%D8%B1%D8%AF%D9%88%D8%BA%D8%A7%D9%86-%D9%8A%D8%B3%D8%AA%D9%84%D9%85-%D8%A3%D9%88%D9%84-%D8%B3%D9%8A%D8%A7%D8%B1%D8%A9-%D9%85%D9%86-%D8%B7%D8%B1%D8%A7%D8%B2-%D8%AA%D9%88%D8%BA
https://www.tccb.gov.tr/en/news/542/145565/-we-are-starting-to-see-togg-on-the-roads-as-of-today-",رجب طيب أردوغان,tccb,,
https://shechecks.net/politics/522/,هل أدلت المنقوش بتصريحات حديثة؟,"أغسطس 30, 2023",سياسة,زائف,,"https://m.facebook.com/story.php?story_fbid=pfbid02pPhe51P7oU7jhgoLngR16jdUUxXiKM4KF4y1dAbysQczAr5q6xYNTAYAR2K4ibcil&id=100013185095921&mibextid=CDWPTG
https://m.facebook.com/story.php?story_fbid=pfbid02qFHLRnPhSUj3W7LrYBM94FRP3fQ585S6t7Kf4yHpDYpzDLqeAdgiHxeb8Ayww8AMl&id=100042097885869&mibextid=ZbWKwL
https://www.facebook.com/najlaelmangoush.ly?mibextid=ZbWKwL",نجلاء المنقوش,samsung,,
https://shechecks.net/politics/514/,هل المقطع المتداول لغارات سلاح الجو الليبي حديث؟,"أغسطس 29, 2023",سياسة,مضلل,,"https://fb.watch/mJ4XJfjGpX/?mibextid=NnVzG8
https://m.youtube.com/watch?v=t8zuOMs-TGU",samsung,,,
https://shechecks.net/%d9%85%d9%86%d9%88%d8%b9%d8%a7%d8%aa/507/,هل تم إيجاد الحاجة برنية في السعودية؟,"أغسطس 28, 2023",منوعات,مضلل,,,برنية,أنجم,"القصيم
مكة
بالسعودية",لله
https://shechecks.net/science/500/,هل هذه صورة لحي سكني بائس؟,"أغسطس 25, 2023",علوم|منوعات,زائف,,"https://m.facebook.com/groups/408815036919271/permalink/1015239202943515/?ref=share&mibextid=CDWPTG
https://m.facebook.com/story.php?story_fbid=pfbid02edLQEZVJEt1VpTy4VuPFdMFDZkLk3rNwQa1zXWqUrKZhCi2xkgq1rse4LcQ1smaul&id=100064174598388&mibextid=CDWPTG
https://m.facebook.com/story.php?story_fbid=pfbid02K6HCCeUSZerYfRqngVDB3e7h4LVPgyPQpPE4weqod6RCBUScZ7ENzrt2Gu1eNVZUl&id=100069721538278&mibextid=CDWPTG
https://twitter.com/IceSohei/status/1691020515660693504?s=20
https://reddit.com/r/brasilivre/s/6zRuxQGDr3
https://factuel.afp.com/ar/doc.afp.com.33TJ3P8
https://m.facebook.com/groups/408815036919271/permalink/1015239202943515/?ref=share&mibextid=CDWPTG
https://m.facebook.com/story.php?story_fbid=pfbid02edLQEZVJEt1VpTy4VuPFdMFDZkLk3rNwQa1zXWqUrKZhCi2xkgq1rse4LcQ1smaul&id=100064174598388&mibextid=CDWPTG
https://m.facebook.com/story.php?story_fbid=pfbid02K6HCCeUSZerYfRqngVDB3e7h4LVPgyPQpPE4weqod6RCBUScZ7ENzrt2Gu1eNVZUl&id=100069721538278&mibextid=CDWPTG
https://twitter.com/IceSohei/status/1691020515660693504?s=20
https://reddit.com/r/brasilivre/s/6zRuxQGDr3
https://factuel.afp.com/ar/doc.afp.com.33TJ3P8
https://factuel.afp.com/ar/doc.afp.com.33TJ3P8
https://factuel.afp.com/ar/doc.afp.com.33TJ3P8",IceSohei,"فرانس برس
ريديت
reddit
factuel
brasilivre
samsung",,
https://shechecks.net/%d9%85%d9%86%d9%88%d8%b9%d8%a7%d8%aa/494/,هل توفيت الفنانة الليبية عبير الترهوني,"أغسطس 12, 2023",فن|منوعات,زائف,,"https://m.facebook.com/story.php?story_fbid=pfbid0S1Hxw4tKhLDctLtnqhong9WFLwD6zff9hYvxRcpn7uJt9Chf7oMYSBx5izkFRU75l&id=100047238991849&mibextid=CDWPTG
https://m.facebook.com/story.php?story_fbid=pfbid0heW3tdU9fVN6KXqELYLLMUxbYvudAfbdsU1nrbyffAzsGvCZ9bfk1GYLHXvb4wxBl&id=100094598431135&mibextid=CDWPTG
https://m.facebook.com/story.php?story_fbid=pfbid02sdCquLujfKVHKkyE6GEyRz71xX8zLbZaa9q6t7Ysv66u5HQpFnLUnoeo5hprE37kl&id=100081266208303&mibextid=CDWPTG",عبير الترهوني,تيك توك,,
https://shechecks.net/science/486/,هل هذه مكتبة عائمة في هولندا؟,"أغسطس 12, 2023",علوم|فن|منوعات,زائف,,"https://m.facebook.com/story.php?story_fbid=pfbid0BBNZJ2ToskfGrueLpPHZe8UKxkmKoFwoAPL6qi9jRDkfewf16GREVViMMjex4Ecbl&id=100063544912682&mibextid=ZbWKwL
https://www.deviantart.com/artvakatostore/art/Ai-artwork-from-artvakato-970758461
https://m.facebook.com/story.php?story_fbid=pfbid0BBNZJ2ToskfGrueLpPHZe8UKxkmKoFwoAPL6qi9jRDkfewf16GREVViMMjex4Ecbl&id=100063544912682&mibextid=ZbWKwL
https://www.deviantart.com/artvakatostore/art/Ai-artwork-from-artvakato-970758461",devian art,"devian art
artvakatostore
artvakato
deviantart",هولندا,
https://shechecks.net/environment/475/,هل صورة الثعالب حقيقية؟,"يوليو 28, 2023",بيئة|علوم,زائف,,"https://www.facebook.com/groups/naturetopic/permalink/3169563100000677/?sfnsn=mo&ref=share&mibextid=6aamW6&paipv=0&eav=AfbdDrNyU43oqy2O01mI_hOyJciSs-JCxC5gXT6AB4tBqkQ2utJ95SmlD99UtpxoflI&_rdr
https://m.facebook.com/story.php?story_fbid=pfbid02KP5hBgkontcP7wYzV7G6nahTWQKgcRZsAWi6MurfLiseuKLP9sgKix6Vw5i1fTpCl&id=449720365850867&sfnsn=mo&mibextid=6aamW6
https://m.facebook.com/story.php?story_fbid=pfbid02tonAjSozCuUXQhrT8YqyMiZwadhAan5zayxRpeHBN2EfCXiZE41D1wKYgBhnvVvBl&id=101341958425474&sfnsn=mo&mibextid=6aamW6
https://www.deviantart.com/ijooblies/art/Fennec-Fox-s-140412150
https://wa.me/12025390559""",,"deviantart
clipdata
Fennec
شات بوت
devian art
samsung",,
https://shechecks.net/%d9%88%d9%85%d8%b6%d8%a7%d8%aa/471/,“هي تتحقق تفوز في مسابقة “حشد الأفكار”,"يوليو 25, 2023",ومضات,,,,,"EU International Partnerships
دويتشه فيله أكاديمي
Leaders International",,الله
https://shechecks.net/environment/466/,هل هذا شاطيء العقلة الليبي؟,"يوليو 24, 2023",بيئة|علوم|منوعات,مضلل,,https://www.facebook.com/groups/501824440782242/permalink/854993482132001/?sfnsn=mo&ref=share&mibextid=6aamW6,,,ليبيا,
https://shechecks.net/science/461/,هل هذا المبنى على شكل شجرة حقيقي؟,"يوليو 24, 2023",علوم|منوعات,زائف,,"https://www.facebook.com/groups/835377603935267/permalink/1496463234493364/?sfnsn=mo&ref=share&mibextid=KtfwRi
https://m.facebook.com/story.php?story_fbid=pfbid09b5TCxAL49nYpUJYYmBZjaeCB3aNJUCcUM62ePe3jEeirrZFHBcrZCm7b7umSXp3l&id=100053739882330&sfnsn=mo&mibextid=6aamW6
https://www.instagram.com/p/CsWS8Qzr4dy/?igshid=MzRlODBiNWFlZA==",,فوتوشوب,,
https://shechecks.net/environment/453/,هل الحشرة بوجه بشري حقيقية؟,"يوليو 7, 2023",بيئة|علوم|فن,زائف,,"https://m.facebook.com/reel/1260247607935105/
https://www.instagram.com/reel/CuMRzWUox-D/?igshid=MzRlODBiNWFlZA==
https://www.instagram.com/p/CuKSGR-MNzw/?igshid=MzRlODBiNWFlZA==","ريتشارد ويلكنسون
ويلكنسون","انستغرام
arthropoda iconicus
instagram",,the nun
https://shechecks.net/science/450/,هل هذه صور قلاع حقيقية مزينة بالأعشاب؟؟,"يوليو 2, 2023",علوم|منوعات,زائف,,"https://m.facebook.com/story.php?story_fbid=pfbid0327wLBr6KHfyxierwBWXSDBE9nuQRXGimHzcfvVJZRTNwTm3yNsKtnTJX2cmZb3eXl&id=100063629377957&sfnsn=mo&mibextid=6aamW6
https://m.facebook.com/story.php?story_fbid=pfbid0zpaoXEDz9MNU1AiXzSHMbW3gKdjiQ1dMBiEGKUZjeCBobAiEMn6LSzte8bhzL9p4l&id=100044482477499&sfnsn=mo&mibextid=6aamW6
https://m.facebook.com/story.php?story_fbid=pfbid094hxLxzZpVGnK4QG1StiJdwxwAGJTxVsTWPvdpf1RNnGQqxfzj1xwXT5MNJ5hNKxl&id=100053544558989&sfnsn=mo&mibextid=6aamW
https://www.instagram.com/p/CstSbVGrEgE/?igshid=MTc4MmM1YmI2Ng==","داريل أنسيلمو
أنسيلمو",,,ميدجورني
https://shechecks.net/science/445/,فيديو اللحظات الأخيرة للغواصة تايتان!,"يونيو 28, 2023",علوم|منوعات,حقيقي,,https://www.youtube.com/watch?app=desktop&t=1282&v=O-8U08yJlb8&feature=youtu.be,,يوتيوب,,"تايتان
تيتان"
https://shechecks.net/%d9%85%d9%86%d9%88%d8%b9%d8%a7%d8%aa/437/,هل هذه صور حديثة للفنانة المصرية شيماء سيف؟,"يونيو 20, 2023",فن|منوعات,زائف,,,شيماء سيف,,,
https://shechecks.net/%d9%88%d9%85%d8%b6%d8%a7%d8%aa/434/,“هي تتحقق” تقف ضد خطاب الكراهية,"يونيو 18, 2023",ومضات,مضلل,,,,"هي تتحقق
هي تتحق
shechecks",,
https://shechecks.net/%d9%85%d9%86%d9%88%d8%b9%d8%a7%d8%aa/73/,بوستر فيلم بامبي النسخة الحية؟,"يونيو 3, 2023",منوعات,مضلل,,"https://unsplash.com/photos/c1oDyH4m-9E
(1) Bambi Movie Posters From Movie Poster Shop. https://www.moviepostershop.com/bambi-movie-poster-1942/.
(2) Bambi Movie Poster – Etsy. https://www.etsy.com/market/bambi_movie_poster.
(3) Bambi POSTER Movie (27 x 40 Inches – 69cm x 102cm) (1957). https://www.amazon.com/Bambi-POSTER-Movie-27-Inches/dp/B00KK6IDYY.","bambi
Bambi
Dave Ruck
Bambi Movie
Bambi POSTER","amazon
Unsplash
ديزني
etsy
unsplash
moviepostershop",,بامبي
https://shechecks.net/%d9%85%d9%86%d9%88%d8%b9%d8%a7%d8%aa/72/,هل هذا التصميم خاص بالمعمارية العراقية “زها حديد”؟,"مايو 25, 2023",منوعات,مضلل,,http://www.zzhk-archi.com/eng/www/index.php/Web/tuwende/tid/81/id/131/iid/22,"زها حديد
zhang ke","zzhk
Chengdu ZZHK Architects","الصين
تشنغدو","الله
روي"
https://shechecks.net/science/65/,هل هذه شمعة أثرية صنعت في العهد الأموي؟,"مايو 25, 2023",علوم,مضلل,,https://www.thisiswhyimbroke.com/coiled-wax-candle/,عبد الملك بن مروان,,,
https://shechecks.net/environment/67/,هل هذه زهور أوركيد البط؟,"مايو 24, 2023",بيئة|علوم,زائف,,"https://gardeniaorganic.com/can-you-buy-flying-duck-orchid/
https://www.gardeningknowhow.com/ornamental/flowers/orchids/flying-duck-orchid-plants.htm
https://hivemoderation.com/",Caleana,"gardeningknowhow
samsung","أستراليا
sdocx","أوركيد
الله
الأوركيد
اوركيد"
https://shechecks.net/environment/71/,هل هذا سقوط ثلج حديث في ليبيا؟,"يناير 15, 2023",بيئة,مضلل,,https://m.facebook.com/story.php?story_fbid=937339440259687&id=100019509194582&mibextid=Nif5oz,سعد أمين,,"غريان
الجبل الأخضر
البيضاء",
https://shechecks.net/%d9%85%d9%86%d9%88%d8%b9%d8%a7%d8%aa/74/,هل تم تدشين تمثال للملك الأمازيغي يوغرطة بمدينة زوارة الليبية؟,"يناير 13, 2023",منوعات,مضلل,,"https://m.facebook.com/story.php?story_fbid=pfbid02SY4KDbV9wJKzmqq9p3jBtACu3hhuMcCYG5FESNy2j2rSCyxJenH2dXBxWCpxrBNol&id=1083805801683455&sfnsn=mo&mibextid=6aamW6
يوغرطة – ويكيبيديا. https://ar.wikipedia.org/wiki/%D9%8A%D9%88%D8%BA%D8%B1%D8%B7%D8%A9.",يوغرطة,,"الجزائر
زوارة
أفريقيا
ليبيا
نوميديا","ويكيبيديا
يوغرطة"
https://shechecks.net/%d9%85%d9%86%d9%88%d8%b9%d8%a7%d8%aa/394/,هل زار بيليه طرابلس في عام 1966؟,"يناير 3, 2023",منوعات,مضلل,,"https://2u.pw/t5WoECO
https://maps.app.goo.gl/quKD5feyf5jocLWH6","لبيليه
بيليه","فيسبوك
جوجل
app
the roman
The Roman Post
وأهلي","الجزائر
طرابلس
بنغازي
إيطاليا
Piazza
روما
ليبيا",قلب مريم الطاهر
https://shechecks.net/environment/66/,هل هذا جسر في موسكو وقت الغروب؟,"ديسمبر 9, 2022",بيئة|منوعات,زائف,,"<span;><span;>https://www.reddit.com/r/pics/comments/1goaa7/sunset_from_above_the_clouds/
<span;>https://www.instagram.com/p/BDys_2VleUA/?hl=en&taken-by=nick.yuryev",نيك يوريف,"samsung
reddit
instagram",موسكو,
https://shechecks.net/politics/1/,هل حلقت صحفية إيرانية شعرها بعد خسارة الأرجنتين أمام السعودية؟,"نوفمبر 27, 2022",سياسة,مضلل,,"<span;>https://maps.app.goo.gl/KbyEpXEmjqnv1DVL9
<span;>https://2u.pw/jasz1EO",مهسا أميني,"للاتحاد الأوروبي
جوجل
app
تيك توك
eeas
samsung","السعودية
الأرجنتين
والأرجنتين
بلجيكا
قطر
إيران
شوسيه
بروكسل",